2022-02-19 02:46:31,310 [Worker-4] INFO  o.e.m.c.i.l.LifecycleMappingFactory - Using org.eclipse.m2e.jdt.JarLifecycleMapping lifecycle mapping for MavenProject: RestAssuredPractise:Test:0.0.1-SNAPSHOT @ C:\RestApiWorksapce\Test\pom.xml.
2022-02-19 02:46:37,592 [Worker-4] INFO  o.e.m.j.i.AbstractJavaProjectConfigurator - Adding source folder /Test/src/main/java
2022-02-19 02:46:37,592 [Worker-4] INFO  o.e.m.j.i.AbstractJavaProjectConfigurator - Adding resource folder /Test/src/main/resources
2022-02-19 02:46:37,607 [Worker-4] INFO  o.e.m.j.i.AbstractJavaProjectConfigurator - Adding source folder /Test/src/test/java
2022-02-19 02:46:37,607 [Worker-4] INFO  o.e.m.j.i.AbstractJavaProjectConfigurator - Adding resource folder /Test/src/test/resources
2022-02-19 02:46:43,654 [Worker-11] WARN  o.e.m.c.i.embedder.EclipseLogger - Using platform encoding (Cp1252 actually) to copy filtered resources, i.e. build is platform dependent!
2022-02-19 02:46:43,685 [Worker-11] INFO  o.e.m.c.i.embedder.EclipseLogger - Copying 0 resource
2022-02-19 02:46:43,685 [Worker-11] WARN  o.e.m.c.i.embedder.EclipseLogger - Using platform encoding (Cp1252 actually) to copy filtered resources, i.e. build is platform dependent!
2022-02-19 02:46:43,685 [Worker-11] INFO  o.e.m.c.i.embedder.EclipseLogger - Copying 0 resource
2022-02-19 02:58:15,466 [Worker-18] INFO  o.e.m.c.i.e.AbstractTransferListenerAdapter - Downloading https://repo.maven.apache.org/maven2/org/apache/maven/plugins/maven-compiler-plugin/3.5.1/maven-compiler-plugin-3.5.1.jar
2022-02-19 02:58:16,113 [Worker-18] INFO  o.e.m.c.i.e.AbstractTransferListenerAdapter - Downloaded https://repo.maven.apache.org/maven2/org/apache/maven/plugins/maven-compiler-plugin/3.5.1/maven-compiler-plugin-3.5.1.jar
2022-02-19 02:58:17,767 [Worker-18] INFO  o.e.m.c.i.e.AbstractTransferListenerAdapter - Downloading https://repo.maven.apache.org/maven2/org/apache/maven/plugins/maven-compiler-plugin/3.5.1/maven-compiler-plugin-3.5.1.pom
2022-02-19 02:58:18,137 [Worker-18] INFO  o.e.m.c.i.e.AbstractTransferListenerAdapter - Downloaded https://repo.maven.apache.org/maven2/org/apache/maven/plugins/maven-compiler-plugin/3.5.1/maven-compiler-plugin-3.5.1.pom
2022-02-19 02:58:18,376 [Worker-18] INFO  o.e.m.c.i.e.AbstractTransferListenerAdapter - Downloading https://repo.maven.apache.org/maven2/org/apache/maven/plugins/maven-plugins/28/maven-plugins-28.pom
2022-02-19 02:58:18,641 [Worker-18] INFO  o.e.m.c.i.e.AbstractTransferListenerAdapter - Downloaded https://repo.maven.apache.org/maven2/org/apache/maven/plugins/maven-plugins/28/maven-plugins-28.pom
2022-02-19 02:58:18,905 [Worker-18] INFO  o.e.m.c.i.e.AbstractTransferListenerAdapter - Downloading https://repo.maven.apache.org/maven2/org/apache/maven/maven-parent/27/maven-parent-27.pom
2022-02-19 02:58:19,230 [Worker-18] INFO  o.e.m.c.i.e.AbstractTransferListenerAdapter - Downloaded https://repo.maven.apache.org/maven2/org/apache/maven/maven-parent/27/maven-parent-27.pom
2022-02-19 02:58:19,480 [Worker-18] INFO  o.e.m.c.i.e.AbstractTransferListenerAdapter - Downloading https://repo.maven.apache.org/maven2/org/apache/apache/17/apache-17.pom
2022-02-19 02:58:19,870 [Worker-18] INFO  o.e.m.c.i.e.AbstractTransferListenerAdapter - Downloaded https://repo.maven.apache.org/maven2/org/apache/apache/17/apache-17.pom
2022-02-19 02:58:20,185 [Worker-18] INFO  o.e.m.c.i.e.AbstractTransferListenerAdapter - Downloading https://repo.maven.apache.org/maven2/org/apache/maven/maven-plugin-api/3.0/maven-plugin-api-3.0.pom
2022-02-19 02:58:20,530 [Worker-18] INFO  o.e.m.c.i.e.AbstractTransferListenerAdapter - Downloaded https://repo.maven.apache.org/maven2/org/apache/maven/maven-plugin-api/3.0/maven-plugin-api-3.0.pom
2022-02-19 02:58:20,777 [Worker-18] INFO  o.e.m.c.i.e.AbstractTransferListenerAdapter - Downloading https://repo.maven.apache.org/maven2/org/apache/maven/maven/3.0/maven-3.0.pom
2022-02-19 02:58:21,144 [Worker-18] INFO  o.e.m.c.i.e.AbstractTransferListenerAdapter - Downloaded https://repo.maven.apache.org/maven2/org/apache/maven/maven/3.0/maven-3.0.pom
2022-02-19 02:58:21,382 [Worker-18] INFO  o.e.m.c.i.e.AbstractTransferListenerAdapter - Downloading https://repo.maven.apache.org/maven2/org/apache/maven/maven-parent/15/maven-parent-15.pom
2022-02-19 02:58:21,676 [Worker-18] INFO  o.e.m.c.i.e.AbstractTransferListenerAdapter - Downloaded https://repo.maven.apache.org/maven2/org/apache/maven/maven-parent/15/maven-parent-15.pom
2022-02-19 02:58:22,068 [Worker-18] INFO  o.e.m.c.i.e.AbstractTransferListenerAdapter - Downloading https://repo.maven.apache.org/maven2/org/apache/maven/maven-model/3.0/maven-model-3.0.pom
2022-02-19 02:58:22,371 [Worker-18] INFO  o.e.m.c.i.e.AbstractTransferListenerAdapter - Downloaded https://repo.maven.apache.org/maven2/org/apache/maven/maven-model/3.0/maven-model-3.0.pom
2022-02-19 02:58:22,680 [Worker-18] INFO  o.e.m.c.i.e.AbstractTransferListenerAdapter - Downloading https://repo.maven.apache.org/maven2/org/codehaus/plexus/plexus-utils/2.0.4/plexus-utils-2.0.4.pom
2022-02-19 02:58:23,047 [Worker-18] INFO  o.e.m.c.i.e.AbstractTransferListenerAdapter - Downloaded https://repo.maven.apache.org/maven2/org/codehaus/plexus/plexus-utils/2.0.4/plexus-utils-2.0.4.pom
2022-02-19 02:58:23,332 [Worker-18] INFO  o.e.m.c.i.e.AbstractTransferListenerAdapter - Downloading https://repo.maven.apache.org/maven2/org/apache/maven/maven-artifact/3.0/maven-artifact-3.0.pom
2022-02-19 02:58:23,893 [Worker-18] INFO  o.e.m.c.i.e.AbstractTransferListenerAdapter - Downloaded https://repo.maven.apache.org/maven2/org/apache/maven/maven-artifact/3.0/maven-artifact-3.0.pom
2022-02-19 02:58:24,221 [Worker-18] INFO  o.e.m.c.i.e.AbstractTransferListenerAdapter - Downloading https://repo.maven.apache.org/maven2/org/sonatype/sisu/sisu-inject-plexus/1.4.2/sisu-inject-plexus-1.4.2.pom
2022-02-19 02:58:24,478 [Worker-18] INFO  o.e.m.c.i.e.AbstractTransferListenerAdapter - Downloaded https://repo.maven.apache.org/maven2/org/sonatype/sisu/sisu-inject-plexus/1.4.2/sisu-inject-plexus-1.4.2.pom
2022-02-19 02:58:24,732 [Worker-18] INFO  o.e.m.c.i.e.AbstractTransferListenerAdapter - Downloading https://repo.maven.apache.org/maven2/org/sonatype/sisu/inject/guice-plexus/1.4.2/guice-plexus-1.4.2.pom
2022-02-19 02:58:25,078 [Worker-18] INFO  o.e.m.c.i.e.AbstractTransferListenerAdapter - Downloaded https://repo.maven.apache.org/maven2/org/sonatype/sisu/inject/guice-plexus/1.4.2/guice-plexus-1.4.2.pom
2022-02-19 02:58:25,307 [Worker-18] INFO  o.e.m.c.i.e.AbstractTransferListenerAdapter - Downloading https://repo.maven.apache.org/maven2/org/sonatype/sisu/inject/guice-bean/1.4.2/guice-bean-1.4.2.pom
2022-02-19 02:58:25,568 [Worker-18] INFO  o.e.m.c.i.e.AbstractTransferListenerAdapter - Downloaded https://repo.maven.apache.org/maven2/org/sonatype/sisu/inject/guice-bean/1.4.2/guice-bean-1.4.2.pom
2022-02-19 02:58:25,798 [Worker-18] INFO  o.e.m.c.i.e.AbstractTransferListenerAdapter - Downloading https://repo.maven.apache.org/maven2/org/sonatype/sisu/sisu-inject/1.4.2/sisu-inject-1.4.2.pom
2022-02-19 02:58:26,046 [Worker-18] INFO  o.e.m.c.i.e.AbstractTransferListenerAdapter - Downloaded https://repo.maven.apache.org/maven2/org/sonatype/sisu/sisu-inject/1.4.2/sisu-inject-1.4.2.pom
2022-02-19 02:58:26,273 [Worker-18] INFO  o.e.m.c.i.e.AbstractTransferListenerAdapter - Downloading https://repo.maven.apache.org/maven2/org/sonatype/sisu/sisu-parent/1.4.2/sisu-parent-1.4.2.pom
2022-02-19 02:58:26,596 [Worker-18] INFO  o.e.m.c.i.e.AbstractTransferListenerAdapter - Downloaded https://repo.maven.apache.org/maven2/org/sonatype/sisu/sisu-parent/1.4.2/sisu-parent-1.4.2.pom
2022-02-19 02:58:26,834 [Worker-18] INFO  o.e.m.c.i.e.AbstractTransferListenerAdapter - Downloading https://repo.maven.apache.org/maven2/org/sonatype/forge/forge-parent/6/forge-parent-6.pom
2022-02-19 02:58:27,095 [Worker-18] INFO  o.e.m.c.i.e.AbstractTransferListenerAdapter - Downloaded https://repo.maven.apache.org/maven2/org/sonatype/forge/forge-parent/6/forge-parent-6.pom
2022-02-19 02:58:27,453 [Worker-18] INFO  o.e.m.c.i.e.AbstractTransferListenerAdapter - Downloading https://repo.maven.apache.org/maven2/org/codehaus/plexus/plexus-classworlds/2.2.3/plexus-classworlds-2.2.3.pom
2022-02-19 02:58:27,793 [Worker-18] INFO  o.e.m.c.i.e.AbstractTransferListenerAdapter - Downloaded https://repo.maven.apache.org/maven2/org/codehaus/plexus/plexus-classworlds/2.2.3/plexus-classworlds-2.2.3.pom
2022-02-19 02:58:28,075 [Worker-18] INFO  o.e.m.c.i.e.AbstractTransferListenerAdapter - Downloading https://repo.maven.apache.org/maven2/org/sonatype/sisu/sisu-inject-bean/1.4.2/sisu-inject-bean-1.4.2.pom
2022-02-19 02:58:28,351 [Worker-18] INFO  o.e.m.c.i.e.AbstractTransferListenerAdapter - Downloaded https://repo.maven.apache.org/maven2/org/sonatype/sisu/sisu-inject-bean/1.4.2/sisu-inject-bean-1.4.2.pom
2022-02-19 02:58:28,592 [Worker-18] INFO  o.e.m.c.i.e.AbstractTransferListenerAdapter - Downloading https://repo.maven.apache.org/maven2/org/sonatype/sisu/sisu-guice/2.1.7/sisu-guice-2.1.7.pom
2022-02-19 02:58:28,889 [Worker-18] INFO  o.e.m.c.i.e.AbstractTransferListenerAdapter - Downloaded https://repo.maven.apache.org/maven2/org/sonatype/sisu/sisu-guice/2.1.7/sisu-guice-2.1.7.pom
2022-02-19 02:58:29,130 [Worker-18] INFO  o.e.m.c.i.e.AbstractTransferListenerAdapter - Downloading https://repo.maven.apache.org/maven2/org/apache/maven/maven-core/3.0/maven-core-3.0.pom
2022-02-19 02:58:29,484 [Worker-18] INFO  o.e.m.c.i.e.AbstractTransferListenerAdapter - Downloaded https://repo.maven.apache.org/maven2/org/apache/maven/maven-core/3.0/maven-core-3.0.pom
2022-02-19 02:58:29,750 [Worker-18] INFO  o.e.m.c.i.e.AbstractTransferListenerAdapter - Downloading https://repo.maven.apache.org/maven2/org/apache/maven/maven-settings/3.0/maven-settings-3.0.pom
2022-02-19 02:58:30,055 [Worker-18] INFO  o.e.m.c.i.e.AbstractTransferListenerAdapter - Downloaded https://repo.maven.apache.org/maven2/org/apache/maven/maven-settings/3.0/maven-settings-3.0.pom
2022-02-19 02:58:30,308 [Worker-18] INFO  o.e.m.c.i.e.AbstractTransferListenerAdapter - Downloading https://repo.maven.apache.org/maven2/org/apache/maven/maven-settings-builder/3.0/maven-settings-builder-3.0.pom
2022-02-19 02:58:30,584 [Worker-18] INFO  o.e.m.c.i.e.AbstractTransferListenerAdapter - Downloaded https://repo.maven.apache.org/maven2/org/apache/maven/maven-settings-builder/3.0/maven-settings-builder-3.0.pom
2022-02-19 02:58:30,838 [Worker-18] INFO  o.e.m.c.i.e.AbstractTransferListenerAdapter - Downloading https://repo.maven.apache.org/maven2/org/codehaus/plexus/plexus-interpolation/1.14/plexus-interpolation-1.14.pom
2022-02-19 02:58:31,089 [Worker-18] INFO  o.e.m.c.i.e.AbstractTransferListenerAdapter - Downloaded https://repo.maven.apache.org/maven2/org/codehaus/plexus/plexus-interpolation/1.14/plexus-interpolation-1.14.pom
2022-02-19 02:58:31,357 [Worker-18] INFO  o.e.m.c.i.e.AbstractTransferListenerAdapter - Downloading https://repo.maven.apache.org/maven2/org/codehaus/plexus/plexus-components/1.1.18/plexus-components-1.1.18.pom
2022-02-19 02:58:31,603 [Worker-18] INFO  o.e.m.c.i.e.AbstractTransferListenerAdapter - Downloaded https://repo.maven.apache.org/maven2/org/codehaus/plexus/plexus-components/1.1.18/plexus-components-1.1.18.pom
2022-02-19 02:58:32,001 [Worker-18] INFO  o.e.m.c.i.e.AbstractTransferListenerAdapter - Downloading https://repo.maven.apache.org/maven2/org/apache/maven/maven-repository-metadata/3.0/maven-repository-metadata-3.0.pom
2022-02-19 02:58:32,608 [Worker-18] INFO  o.e.m.c.i.e.AbstractTransferListenerAdapter - Downloaded https://repo.maven.apache.org/maven2/org/apache/maven/maven-repository-metadata/3.0/maven-repository-metadata-3.0.pom
2022-02-19 02:58:32,863 [Worker-18] INFO  o.e.m.c.i.e.AbstractTransferListenerAdapter - Downloading https://repo.maven.apache.org/maven2/org/apache/maven/maven-model-builder/3.0/maven-model-builder-3.0.pom
2022-02-19 02:58:33,168 [Worker-18] INFO  o.e.m.c.i.e.AbstractTransferListenerAdapter - Downloaded https://repo.maven.apache.org/maven2/org/apache/maven/maven-model-builder/3.0/maven-model-builder-3.0.pom
2022-02-19 02:58:33,496 [Worker-18] INFO  o.e.m.c.i.e.AbstractTransferListenerAdapter - Downloading https://repo.maven.apache.org/maven2/org/apache/maven/maven-aether-provider/3.0/maven-aether-provider-3.0.pom
2022-02-19 02:58:33,796 [Worker-18] INFO  o.e.m.c.i.e.AbstractTransferListenerAdapter - Downloaded https://repo.maven.apache.org/maven2/org/apache/maven/maven-aether-provider/3.0/maven-aether-provider-3.0.pom
2022-02-19 02:58:34,032 [Worker-18] INFO  o.e.m.c.i.e.AbstractTransferListenerAdapter - Downloading https://repo.maven.apache.org/maven2/org/sonatype/aether/aether-api/1.7/aether-api-1.7.pom
2022-02-19 02:58:34,305 [Worker-18] INFO  o.e.m.c.i.e.AbstractTransferListenerAdapter - Downloaded https://repo.maven.apache.org/maven2/org/sonatype/aether/aether-api/1.7/aether-api-1.7.pom
2022-02-19 02:58:35,456 [Worker-18] INFO  o.e.m.c.i.e.AbstractTransferListenerAdapter - Downloading https://repo.maven.apache.org/maven2/org/sonatype/aether/aether-parent/1.7/aether-parent-1.7.pom
2022-02-19 02:58:35,824 [Worker-18] INFO  o.e.m.c.i.e.AbstractTransferListenerAdapter - Downloaded https://repo.maven.apache.org/maven2/org/sonatype/aether/aether-parent/1.7/aether-parent-1.7.pom
2022-02-19 02:58:36,240 [Worker-18] INFO  o.e.m.c.i.e.AbstractTransferListenerAdapter - Downloading https://repo.maven.apache.org/maven2/org/sonatype/aether/aether-util/1.7/aether-util-1.7.pom
2022-02-19 02:58:36,520 [Worker-18] INFO  o.e.m.c.i.e.AbstractTransferListenerAdapter - Downloaded https://repo.maven.apache.org/maven2/org/sonatype/aether/aether-util/1.7/aether-util-1.7.pom
2022-02-19 02:58:36,762 [Worker-18] INFO  o.e.m.c.i.e.AbstractTransferListenerAdapter - Downloading https://repo.maven.apache.org/maven2/org/sonatype/aether/aether-impl/1.7/aether-impl-1.7.pom
2022-02-19 02:58:37,098 [Worker-18] INFO  o.e.m.c.i.e.AbstractTransferListenerAdapter - Downloaded https://repo.maven.apache.org/maven2/org/sonatype/aether/aether-impl/1.7/aether-impl-1.7.pom
2022-02-19 02:58:37,455 [Worker-18] INFO  o.e.m.c.i.e.AbstractTransferListenerAdapter - Downloading https://repo.maven.apache.org/maven2/org/sonatype/aether/aether-spi/1.7/aether-spi-1.7.pom
2022-02-19 02:58:37,740 [Worker-18] INFO  o.e.m.c.i.e.AbstractTransferListenerAdapter - Downloaded https://repo.maven.apache.org/maven2/org/sonatype/aether/aether-spi/1.7/aether-spi-1.7.pom
2022-02-19 02:58:39,482 [Worker-18] INFO  o.e.m.c.i.e.AbstractTransferListenerAdapter - Downloading https://repo.maven.apache.org/maven2/org/apache/maven/reporting/maven-reporting-api/2.2.1/maven-reporting-api-2.2.1.pom
2022-02-19 02:58:39,752 [Worker-18] INFO  o.e.m.c.i.e.AbstractTransferListenerAdapter - Downloaded https://repo.maven.apache.org/maven2/org/apache/maven/reporting/maven-reporting-api/2.2.1/maven-reporting-api-2.2.1.pom
2022-02-19 02:58:39,995 [Worker-18] INFO  o.e.m.c.i.e.AbstractTransferListenerAdapter - Downloading https://repo.maven.apache.org/maven2/org/apache/maven/reporting/maven-reporting/2.2.1/maven-reporting-2.2.1.pom
2022-02-19 02:58:40,239 [Worker-18] INFO  o.e.m.c.i.e.AbstractTransferListenerAdapter - Downloaded https://repo.maven.apache.org/maven2/org/apache/maven/reporting/maven-reporting/2.2.1/maven-reporting-2.2.1.pom
2022-02-19 02:58:40,474 [Worker-18] INFO  o.e.m.c.i.e.AbstractTransferListenerAdapter - Downloading https://repo.maven.apache.org/maven2/org/apache/maven/doxia/doxia-sink-api/1.1/doxia-sink-api-1.1.pom
2022-02-19 02:58:40,742 [Worker-18] INFO  o.e.m.c.i.e.AbstractTransferListenerAdapter - Downloaded https://repo.maven.apache.org/maven2/org/apache/maven/doxia/doxia-sink-api/1.1/doxia-sink-api-1.1.pom
2022-02-19 02:58:40,985 [Worker-18] INFO  o.e.m.c.i.e.AbstractTransferListenerAdapter - Downloading https://repo.maven.apache.org/maven2/org/apache/maven/doxia/doxia/1.1/doxia-1.1.pom
2022-02-19 02:58:41,285 [Worker-18] INFO  o.e.m.c.i.e.AbstractTransferListenerAdapter - Downloaded https://repo.maven.apache.org/maven2/org/apache/maven/doxia/doxia/1.1/doxia-1.1.pom
2022-02-19 02:58:41,550 [Worker-18] INFO  o.e.m.c.i.e.AbstractTransferListenerAdapter - Downloading https://repo.maven.apache.org/maven2/org/apache/maven/doxia/doxia-logging-api/1.1/doxia-logging-api-1.1.pom
2022-02-19 02:58:41,993 [Worker-18] INFO  o.e.m.c.i.e.AbstractTransferListenerAdapter - Downloaded https://repo.maven.apache.org/maven2/org/apache/maven/doxia/doxia-logging-api/1.1/doxia-logging-api-1.1.pom
2022-02-19 02:58:42,292 [Worker-18] INFO  o.e.m.c.i.e.AbstractTransferListenerAdapter - Downloading https://repo.maven.apache.org/maven2/org/codehaus/plexus/plexus-container-default/1.0-alpha-30/plexus-container-default-1.0-alpha-30.pom
2022-02-19 02:58:42,563 [Worker-18] INFO  o.e.m.c.i.e.AbstractTransferListenerAdapter - Downloaded https://repo.maven.apache.org/maven2/org/codehaus/plexus/plexus-container-default/1.0-alpha-30/plexus-container-default-1.0-alpha-30.pom
2022-02-19 02:58:42,810 [Worker-18] INFO  o.e.m.c.i.e.AbstractTransferListenerAdapter - Downloading https://repo.maven.apache.org/maven2/org/codehaus/plexus/plexus-containers/1.0-alpha-30/plexus-containers-1.0-alpha-30.pom
2022-02-19 02:58:43,059 [Worker-18] INFO  o.e.m.c.i.e.AbstractTransferListenerAdapter - Downloaded https://repo.maven.apache.org/maven2/org/codehaus/plexus/plexus-containers/1.0-alpha-30/plexus-containers-1.0-alpha-30.pom
2022-02-19 02:58:43,359 [Worker-18] INFO  o.e.m.c.i.e.AbstractTransferListenerAdapter - Downloading https://repo.maven.apache.org/maven2/org/codehaus/plexus/plexus-classworlds/1.2-alpha-9/plexus-classworlds-1.2-alpha-9.pom
2022-02-19 02:58:43,647 [Worker-18] INFO  o.e.m.c.i.e.AbstractTransferListenerAdapter - Downloaded https://repo.maven.apache.org/maven2/org/codehaus/plexus/plexus-classworlds/1.2-alpha-9/plexus-classworlds-1.2-alpha-9.pom
2022-02-19 02:58:43,898 [Worker-18] INFO  o.e.m.c.i.e.AbstractTransferListenerAdapter - Downloading https://repo.maven.apache.org/maven2/org/codehaus/plexus/plexus/1.0.10/plexus-1.0.10.pom
2022-02-19 02:58:44,199 [Worker-18] INFO  o.e.m.c.i.e.AbstractTransferListenerAdapter - Downloaded https://repo.maven.apache.org/maven2/org/codehaus/plexus/plexus/1.0.10/plexus-1.0.10.pom
2022-02-19 02:58:44,925 [Worker-18] INFO  o.e.m.c.i.e.AbstractTransferListenerAdapter - Downloading https://repo.maven.apache.org/maven2/commons-cli/commons-cli/1.2/commons-cli-1.2.pom
2022-02-19 02:58:45,192 [Worker-18] INFO  o.e.m.c.i.e.AbstractTransferListenerAdapter - Downloaded https://repo.maven.apache.org/maven2/commons-cli/commons-cli/1.2/commons-cli-1.2.pom
2022-02-19 02:58:45,464 [Worker-18] INFO  o.e.m.c.i.e.AbstractTransferListenerAdapter - Downloading https://repo.maven.apache.org/maven2/org/apache/commons/commons-parent/11/commons-parent-11.pom
2022-02-19 02:58:45,805 [Worker-18] INFO  o.e.m.c.i.e.AbstractTransferListenerAdapter - Downloaded https://repo.maven.apache.org/maven2/org/apache/commons/commons-parent/11/commons-parent-11.pom
2022-02-19 02:58:46,671 [Worker-18] INFO  o.e.m.c.i.e.AbstractTransferListenerAdapter - Downloading https://repo.maven.apache.org/maven2/org/apache/maven/shared/maven-shared-utils/3.0.0/maven-shared-utils-3.0.0.pom
2022-02-19 02:58:47,070 [Worker-18] INFO  o.e.m.c.i.e.AbstractTransferListenerAdapter - Downloaded https://repo.maven.apache.org/maven2/org/apache/maven/shared/maven-shared-utils/3.0.0/maven-shared-utils-3.0.0.pom
2022-02-19 02:58:47,389 [Worker-18] INFO  o.e.m.c.i.e.AbstractTransferListenerAdapter - Downloading https://repo.maven.apache.org/maven2/org/apache/maven/shared/maven-shared-components/21/maven-shared-components-21.pom
2022-02-19 02:58:47,674 [Worker-18] INFO  o.e.m.c.i.e.AbstractTransferListenerAdapter - Downloaded https://repo.maven.apache.org/maven2/org/apache/maven/shared/maven-shared-components/21/maven-shared-components-21.pom
2022-02-19 02:58:47,916 [Worker-18] INFO  o.e.m.c.i.e.AbstractTransferListenerAdapter - Downloading https://repo.maven.apache.org/maven2/org/apache/maven/maven-parent/25/maven-parent-25.pom
2022-02-19 02:58:48,366 [Worker-18] INFO  o.e.m.c.i.e.AbstractTransferListenerAdapter - Downloaded https://repo.maven.apache.org/maven2/org/apache/maven/maven-parent/25/maven-parent-25.pom
2022-02-19 02:58:50,266 [Worker-18] INFO  o.e.m.c.i.e.AbstractTransferListenerAdapter - Downloading https://repo.maven.apache.org/maven2/org/codehaus/plexus/plexus-compiler-api/2.7/plexus-compiler-api-2.7.pom
2022-02-19 02:58:50,534 [Worker-18] INFO  o.e.m.c.i.e.AbstractTransferListenerAdapter - Downloaded https://repo.maven.apache.org/maven2/org/codehaus/plexus/plexus-compiler-api/2.7/plexus-compiler-api-2.7.pom
2022-02-19 02:58:50,787 [Worker-18] INFO  o.e.m.c.i.e.AbstractTransferListenerAdapter - Downloading https://repo.maven.apache.org/maven2/org/codehaus/plexus/plexus-compiler/2.7/plexus-compiler-2.7.pom
2022-02-19 02:58:51,065 [Worker-18] INFO  o.e.m.c.i.e.AbstractTransferListenerAdapter - Downloaded https://repo.maven.apache.org/maven2/org/codehaus/plexus/plexus-compiler/2.7/plexus-compiler-2.7.pom
2022-02-19 02:58:51,300 [Worker-18] INFO  o.e.m.c.i.e.AbstractTransferListenerAdapter - Downloading https://repo.maven.apache.org/maven2/org/codehaus/plexus/plexus-components/4.0/plexus-components-4.0.pom
2022-02-19 02:58:51,884 [Worker-18] INFO  o.e.m.c.i.e.AbstractTransferListenerAdapter - Downloaded https://repo.maven.apache.org/maven2/org/codehaus/plexus/plexus-components/4.0/plexus-components-4.0.pom
2022-02-19 02:58:52,177 [Worker-18] INFO  o.e.m.c.i.e.AbstractTransferListenerAdapter - Downloading https://repo.maven.apache.org/maven2/org/codehaus/plexus/plexus/4.0/plexus-4.0.pom
2022-02-19 02:58:52,463 [Worker-18] INFO  o.e.m.c.i.e.AbstractTransferListenerAdapter - Downloaded https://repo.maven.apache.org/maven2/org/codehaus/plexus/plexus/4.0/plexus-4.0.pom
2022-02-19 02:58:52,829 [Worker-18] INFO  o.e.m.c.i.e.AbstractTransferListenerAdapter - Downloading https://repo.maven.apache.org/maven2/org/codehaus/plexus/plexus-utils/3.0.22/plexus-utils-3.0.22.pom
2022-02-19 02:58:53,744 [Worker-18] INFO  o.e.m.c.i.e.AbstractTransferListenerAdapter - Downloaded https://repo.maven.apache.org/maven2/org/codehaus/plexus/plexus-utils/3.0.22/plexus-utils-3.0.22.pom
2022-02-19 02:58:54,202 [Worker-18] INFO  o.e.m.c.i.e.AbstractTransferListenerAdapter - Downloading https://repo.maven.apache.org/maven2/org/codehaus/plexus/plexus-compiler-manager/2.7/plexus-compiler-manager-2.7.pom
2022-02-19 02:58:54,472 [Worker-18] INFO  o.e.m.c.i.e.AbstractTransferListenerAdapter - Downloaded https://repo.maven.apache.org/maven2/org/codehaus/plexus/plexus-compiler-manager/2.7/plexus-compiler-manager-2.7.pom
2022-02-19 02:58:54,702 [Worker-18] INFO  o.e.m.c.i.e.AbstractTransferListenerAdapter - Downloading https://repo.maven.apache.org/maven2/org/codehaus/plexus/plexus-compiler-javac/2.7/plexus-compiler-javac-2.7.pom
2022-02-19 02:58:54,959 [Worker-18] INFO  o.e.m.c.i.e.AbstractTransferListenerAdapter - Downloaded https://repo.maven.apache.org/maven2/org/codehaus/plexus/plexus-compiler-javac/2.7/plexus-compiler-javac-2.7.pom
2022-02-19 02:58:55,203 [Worker-18] INFO  o.e.m.c.i.e.AbstractTransferListenerAdapter - Downloading https://repo.maven.apache.org/maven2/org/codehaus/plexus/plexus-compilers/2.7/plexus-compilers-2.7.pom
2022-02-19 02:58:55,464 [Worker-18] INFO  o.e.m.c.i.e.AbstractTransferListenerAdapter - Downloaded https://repo.maven.apache.org/maven2/org/codehaus/plexus/plexus-compilers/2.7/plexus-compilers-2.7.pom
2022-02-19 02:58:56,283 [Worker-18] INFO  o.e.m.c.i.e.AbstractTransferListenerAdapter - Downloading https://repo.maven.apache.org/maven2/org/apache/maven/maven-plugin-api/3.0/maven-plugin-api-3.0.jar
2022-02-19 02:58:57,264 [Worker-18] INFO  o.e.m.c.i.e.AbstractTransferListenerAdapter - Downloaded https://repo.maven.apache.org/maven2/org/apache/maven/maven-plugin-api/3.0/maven-plugin-api-3.0.jar
2022-02-19 02:58:57,478 [Worker-18] INFO  o.e.m.c.i.e.AbstractTransferListenerAdapter - Downloading https://repo.maven.apache.org/maven2/org/apache/maven/maven-model/3.0/maven-model-3.0.jar
2022-02-19 02:58:58,121 [Worker-18] INFO  o.e.m.c.i.e.AbstractTransferListenerAdapter - Downloaded https://repo.maven.apache.org/maven2/org/apache/maven/maven-model/3.0/maven-model-3.0.jar
2022-02-19 02:58:58,333 [Worker-18] INFO  o.e.m.c.i.e.AbstractTransferListenerAdapter - Downloading https://repo.maven.apache.org/maven2/org/sonatype/sisu/sisu-inject-plexus/1.4.2/sisu-inject-plexus-1.4.2.jar
2022-02-19 02:58:58,835 [Worker-18] INFO  o.e.m.c.i.e.AbstractTransferListenerAdapter - Downloaded https://repo.maven.apache.org/maven2/org/sonatype/sisu/sisu-inject-plexus/1.4.2/sisu-inject-plexus-1.4.2.jar
2022-02-19 02:58:59,060 [Worker-18] INFO  o.e.m.c.i.e.AbstractTransferListenerAdapter - Downloading https://repo.maven.apache.org/maven2/org/sonatype/sisu/sisu-inject-bean/1.4.2/sisu-inject-bean-1.4.2.jar
2022-02-19 02:58:59,399 [Worker-18] INFO  o.e.m.c.i.e.AbstractTransferListenerAdapter - Downloaded https://repo.maven.apache.org/maven2/org/sonatype/sisu/sisu-inject-bean/1.4.2/sisu-inject-bean-1.4.2.jar
2022-02-19 02:58:59,603 [Worker-18] INFO  o.e.m.c.i.e.AbstractTransferListenerAdapter - Downloading https://repo.maven.apache.org/maven2/org/sonatype/sisu/sisu-guice/2.1.7/sisu-guice-2.1.7-noaop.jar
2022-02-19 02:59:00,423 [Worker-18] INFO  o.e.m.c.i.e.AbstractTransferListenerAdapter - Downloaded https://repo.maven.apache.org/maven2/org/sonatype/sisu/sisu-guice/2.1.7/sisu-guice-2.1.7-noaop.jar
2022-02-19 02:59:00,643 [Worker-18] INFO  o.e.m.c.i.e.AbstractTransferListenerAdapter - Downloading https://repo.maven.apache.org/maven2/org/apache/maven/maven-artifact/3.0/maven-artifact-3.0.jar
2022-02-19 02:59:01,275 [Worker-18] INFO  o.e.m.c.i.e.AbstractTransferListenerAdapter - Downloaded https://repo.maven.apache.org/maven2/org/apache/maven/maven-artifact/3.0/maven-artifact-3.0.jar
2022-02-19 02:59:01,487 [Worker-18] INFO  o.e.m.c.i.e.AbstractTransferListenerAdapter - Downloading https://repo.maven.apache.org/maven2/org/codehaus/plexus/plexus-utils/2.0.4/plexus-utils-2.0.4.jar
2022-02-19 02:59:01,914 [Worker-18] INFO  o.e.m.c.i.e.AbstractTransferListenerAdapter - Downloaded https://repo.maven.apache.org/maven2/org/codehaus/plexus/plexus-utils/2.0.4/plexus-utils-2.0.4.jar
2022-02-19 02:59:02,122 [Worker-18] INFO  o.e.m.c.i.e.AbstractTransferListenerAdapter - Downloading https://repo.maven.apache.org/maven2/org/apache/maven/maven-core/3.0/maven-core-3.0.jar
2022-02-19 02:59:02,517 [Worker-18] INFO  o.e.m.c.i.e.AbstractTransferListenerAdapter - Downloaded https://repo.maven.apache.org/maven2/org/apache/maven/maven-core/3.0/maven-core-3.0.jar
2022-02-19 02:59:02,731 [Worker-18] INFO  o.e.m.c.i.e.AbstractTransferListenerAdapter - Downloading https://repo.maven.apache.org/maven2/org/apache/maven/maven-settings/3.0/maven-settings-3.0.jar
2022-02-19 02:59:03,419 [Worker-18] INFO  o.e.m.c.i.e.AbstractTransferListenerAdapter - Downloaded https://repo.maven.apache.org/maven2/org/apache/maven/maven-settings/3.0/maven-settings-3.0.jar
2022-02-19 02:59:03,627 [Worker-18] INFO  o.e.m.c.i.e.AbstractTransferListenerAdapter - Downloading https://repo.maven.apache.org/maven2/org/apache/maven/maven-settings-builder/3.0/maven-settings-builder-3.0.jar
2022-02-19 02:59:04,311 [Worker-18] INFO  o.e.m.c.i.e.AbstractTransferListenerAdapter - Downloaded https://repo.maven.apache.org/maven2/org/apache/maven/maven-settings-builder/3.0/maven-settings-builder-3.0.jar
2022-02-19 02:59:04,519 [Worker-18] INFO  o.e.m.c.i.e.AbstractTransferListenerAdapter - Downloading https://repo.maven.apache.org/maven2/org/apache/maven/maven-repository-metadata/3.0/maven-repository-metadata-3.0.jar
2022-02-19 02:59:04,988 [Worker-18] INFO  o.e.m.c.i.e.AbstractTransferListenerAdapter - Downloaded https://repo.maven.apache.org/maven2/org/apache/maven/maven-repository-metadata/3.0/maven-repository-metadata-3.0.jar
2022-02-19 02:59:05,202 [Worker-18] INFO  o.e.m.c.i.e.AbstractTransferListenerAdapter - Downloading https://repo.maven.apache.org/maven2/org/apache/maven/maven-model-builder/3.0/maven-model-builder-3.0.jar
2022-02-19 02:59:05,523 [Worker-18] INFO  o.e.m.c.i.e.AbstractTransferListenerAdapter - Downloaded https://repo.maven.apache.org/maven2/org/apache/maven/maven-model-builder/3.0/maven-model-builder-3.0.jar
2022-02-19 02:59:05,752 [Worker-18] INFO  o.e.m.c.i.e.AbstractTransferListenerAdapter - Downloading https://repo.maven.apache.org/maven2/org/apache/maven/maven-aether-provider/3.0/maven-aether-provider-3.0.jar
2022-02-19 02:59:06,089 [Worker-18] INFO  o.e.m.c.i.e.AbstractTransferListenerAdapter - Downloaded https://repo.maven.apache.org/maven2/org/apache/maven/maven-aether-provider/3.0/maven-aether-provider-3.0.jar
2022-02-19 02:59:06,300 [Worker-18] INFO  o.e.m.c.i.e.AbstractTransferListenerAdapter - Downloading https://repo.maven.apache.org/maven2/org/sonatype/aether/aether-impl/1.7/aether-impl-1.7.jar
2022-02-19 02:59:06,569 [Worker-18] INFO  o.e.m.c.i.e.AbstractTransferListenerAdapter - Downloaded https://repo.maven.apache.org/maven2/org/sonatype/aether/aether-impl/1.7/aether-impl-1.7.jar
2022-02-19 02:59:06,784 [Worker-18] INFO  o.e.m.c.i.e.AbstractTransferListenerAdapter - Downloading https://repo.maven.apache.org/maven2/org/sonatype/aether/aether-spi/1.7/aether-spi-1.7.jar
2022-02-19 02:59:07,374 [Worker-18] INFO  o.e.m.c.i.e.AbstractTransferListenerAdapter - Downloaded https://repo.maven.apache.org/maven2/org/sonatype/aether/aether-spi/1.7/aether-spi-1.7.jar
2022-02-19 02:59:07,586 [Worker-18] INFO  o.e.m.c.i.e.AbstractTransferListenerAdapter - Downloading https://repo.maven.apache.org/maven2/org/sonatype/aether/aether-api/1.7/aether-api-1.7.jar
2022-02-19 02:59:07,874 [Worker-18] INFO  o.e.m.c.i.e.AbstractTransferListenerAdapter - Downloaded https://repo.maven.apache.org/maven2/org/sonatype/aether/aether-api/1.7/aether-api-1.7.jar
2022-02-19 02:59:08,093 [Worker-18] INFO  o.e.m.c.i.e.AbstractTransferListenerAdapter - Downloading https://repo.maven.apache.org/maven2/org/sonatype/aether/aether-util/1.7/aether-util-1.7.jar
2022-02-19 02:59:08,470 [Worker-18] INFO  o.e.m.c.i.e.AbstractTransferListenerAdapter - Downloaded https://repo.maven.apache.org/maven2/org/sonatype/aether/aether-util/1.7/aether-util-1.7.jar
2022-02-19 02:59:08,679 [Worker-18] INFO  o.e.m.c.i.e.AbstractTransferListenerAdapter - Downloading https://repo.maven.apache.org/maven2/org/codehaus/plexus/plexus-interpolation/1.14/plexus-interpolation-1.14.jar
2022-02-19 02:59:09,035 [Worker-18] INFO  o.e.m.c.i.e.AbstractTransferListenerAdapter - Downloaded https://repo.maven.apache.org/maven2/org/codehaus/plexus/plexus-interpolation/1.14/plexus-interpolation-1.14.jar
2022-02-19 02:59:09,250 [Worker-18] INFO  o.e.m.c.i.e.AbstractTransferListenerAdapter - Downloading https://repo.maven.apache.org/maven2/org/codehaus/plexus/plexus-classworlds/2.2.3/plexus-classworlds-2.2.3.jar
2022-02-19 02:59:10,345 [Worker-18] INFO  o.e.m.c.i.e.AbstractTransferListenerAdapter - Downloaded https://repo.maven.apache.org/maven2/org/codehaus/plexus/plexus-classworlds/2.2.3/plexus-classworlds-2.2.3.jar
2022-02-19 02:59:10,561 [Worker-18] INFO  o.e.m.c.i.e.AbstractTransferListenerAdapter - Downloading https://repo.maven.apache.org/maven2/org/apache/maven/shared/maven-shared-utils/3.0.0/maven-shared-utils-3.0.0.jar
2022-02-19 02:59:10,860 [Worker-18] INFO  o.e.m.c.i.e.AbstractTransferListenerAdapter - Downloaded https://repo.maven.apache.org/maven2/org/apache/maven/shared/maven-shared-utils/3.0.0/maven-shared-utils-3.0.0.jar
2022-02-19 02:59:11,064 [Worker-18] INFO  o.e.m.c.i.e.AbstractTransferListenerAdapter - Downloading https://repo.maven.apache.org/maven2/org/codehaus/plexus/plexus-compiler-api/2.7/plexus-compiler-api-2.7.jar
2022-02-19 02:59:11,835 [Worker-18] INFO  o.e.m.c.i.e.AbstractTransferListenerAdapter - Downloaded https://repo.maven.apache.org/maven2/org/codehaus/plexus/plexus-compiler-api/2.7/plexus-compiler-api-2.7.jar
2022-02-19 02:59:12,091 [Worker-18] INFO  o.e.m.c.i.e.AbstractTransferListenerAdapter - Downloading https://repo.maven.apache.org/maven2/org/codehaus/plexus/plexus-compiler-manager/2.7/plexus-compiler-manager-2.7.jar
2022-02-19 02:59:12,399 [Worker-18] INFO  o.e.m.c.i.e.AbstractTransferListenerAdapter - Downloaded https://repo.maven.apache.org/maven2/org/codehaus/plexus/plexus-compiler-manager/2.7/plexus-compiler-manager-2.7.jar
2022-02-19 02:59:12,618 [Worker-18] INFO  o.e.m.c.i.e.AbstractTransferListenerAdapter - Downloading https://repo.maven.apache.org/maven2/org/codehaus/plexus/plexus-compiler-javac/2.7/plexus-compiler-javac-2.7.jar
2022-02-19 02:59:13,115 [Worker-18] INFO  o.e.m.c.i.e.AbstractTransferListenerAdapter - Downloaded https://repo.maven.apache.org/maven2/org/codehaus/plexus/plexus-compiler-javac/2.7/plexus-compiler-javac-2.7.jar
2022-02-19 02:59:38,993 [Worker-18] INFO  o.e.m.c.i.l.LifecycleMappingFactory - Using org.eclipse.m2e.jdt.JarLifecycleMapping lifecycle mapping for MavenProject: DemoProject:DemoProject:0.0.1-SNAPSHOT @ C:\RestApiWorksapce\DemoProject\pom.xml.
2022-02-19 02:59:46,429 [Worker-13] WARN  o.e.m.c.i.embedder.EclipseLogger - Using platform encoding (Cp1252 actually) to copy filtered resources, i.e. build is platform dependent!
2022-02-19 02:59:46,461 [Worker-13] INFO  o.e.m.c.i.embedder.EclipseLogger - skip non existing resourceDirectory C:\RestApiWorksapce\DemoProject\src\main\resources
2022-02-19 02:59:46,465 [Worker-13] WARN  o.e.m.c.i.embedder.EclipseLogger - Using platform encoding (Cp1252 actually) to copy filtered resources, i.e. build is platform dependent!
2022-02-19 02:59:46,468 [Worker-13] INFO  o.e.m.c.i.embedder.EclipseLogger - skip non existing resourceDirectory C:\RestApiWorksapce\DemoProject\src\test\resources
2022-02-19 02:59:46,647 [Worker-18] INFO  o.e.m.j.i.AbstractJavaProjectConfigurator - Adding source folder /DemoProject/src
2022-02-19 02:59:46,653 [Worker-18] INFO  o.e.m.j.i.AbstractJavaProjectConfigurator - Not adding source folder /DemoProject/src/test/java because it overlaps with /DemoProject/src
2022-02-19 02:59:47,633 [Worker-18] INFO  o.e.m.c.i.p.ProjectConfigurationManager - Update started
2022-02-19 02:59:51,729 [Worker-18] INFO  o.e.m.c.i.l.LifecycleMappingFactory - Using org.eclipse.m2e.jdt.JarLifecycleMapping lifecycle mapping for MavenProject: DemoProject:DemoProject:0.0.1-SNAPSHOT @ C:\RestApiWorksapce\DemoProject\pom.xml.
2022-02-19 02:59:53,656 [Worker-4] WARN  o.e.m.c.i.embedder.EclipseLogger - Using platform encoding (Cp1252 actually) to copy filtered resources, i.e. build is platform dependent!
2022-02-19 02:59:53,658 [Worker-4] INFO  o.e.m.c.i.embedder.EclipseLogger - skip non existing resourceDirectory C:\RestApiWorksapce\DemoProject\src\main\resources
2022-02-19 02:59:53,662 [Worker-4] WARN  o.e.m.c.i.embedder.EclipseLogger - Using platform encoding (Cp1252 actually) to copy filtered resources, i.e. build is platform dependent!
2022-02-19 02:59:53,702 [Worker-4] INFO  o.e.m.c.i.embedder.EclipseLogger - skip non existing resourceDirectory C:\RestApiWorksapce\DemoProject\src\test\resources
2022-02-19 02:59:54,907 [Worker-18] INFO  o.e.m.j.i.AbstractJavaProjectConfigurator - Adding source folder /DemoProject/src
2022-02-19 02:59:54,912 [Worker-18] INFO  o.e.m.j.i.AbstractJavaProjectConfigurator - Not adding source folder /DemoProject/src/test/java because it overlaps with /DemoProject/src
2022-02-19 02:59:55,705 [Worker-18] INFO  o.e.m.c.i.p.ProjectConfigurationManager - Update completed: 8 sec
2022-02-19 02:59:56,042 [Worker-16] WARN  o.e.m.c.i.embedder.EclipseLogger - Using platform encoding (Cp1252 actually) to copy filtered resources, i.e. build is platform dependent!
2022-02-19 02:59:56,049 [Worker-16] INFO  o.e.m.c.i.embedder.EclipseLogger - skip non existing resourceDirectory C:\RestApiWorksapce\DemoProject\src\main\resources
2022-02-19 02:59:56,056 [Worker-16] WARN  o.e.m.c.i.embedder.EclipseLogger - Using platform encoding (Cp1252 actually) to copy filtered resources, i.e. build is platform dependent!
2022-02-19 02:59:56,066 [Worker-16] INFO  o.e.m.c.i.embedder.EclipseLogger - skip non existing resourceDirectory C:\RestApiWorksapce\DemoProject\src\test\resources
2022-02-19 03:03:45,535 [Worker-20] INFO  o.e.m.c.i.l.LifecycleMappingFactory - Using org.eclipse.m2e.jdt.JarLifecycleMapping lifecycle mapping for MavenProject: DemoProject:DemoProject:0.0.1-SNAPSHOT @ C:\RestApiWorksapce\DemoProject\pom.xml.
2022-02-19 03:03:46,905 [Worker-20] INFO  o.e.m.c.i.e.AbstractTransferListenerAdapter - Downloading https://repo.maven.apache.org/maven2/io/rest-assured/rest-assured/4.4.0/rest-assured-4.4.0.pom
2022-02-19 03:03:47,220 [Worker-20] INFO  o.e.m.c.i.e.AbstractTransferListenerAdapter - Downloaded https://repo.maven.apache.org/maven2/io/rest-assured/rest-assured/4.4.0/rest-assured-4.4.0.pom
2022-02-19 03:03:47,464 [Worker-20] INFO  o.e.m.c.i.e.AbstractTransferListenerAdapter - Downloading https://repo.maven.apache.org/maven2/io/rest-assured/rest-assured-parent/4.4.0/rest-assured-parent-4.4.0.pom
2022-02-19 03:03:47,769 [Worker-20] INFO  o.e.m.c.i.e.AbstractTransferListenerAdapter - Downloaded https://repo.maven.apache.org/maven2/io/rest-assured/rest-assured-parent/4.4.0/rest-assured-parent-4.4.0.pom
2022-02-19 03:03:48,082 [Worker-20] INFO  o.e.m.c.i.e.AbstractTransferListenerAdapter - Downloading https://repo.maven.apache.org/maven2/org/codehaus/groovy/groovy/3.0.8/groovy-3.0.8.pom
2022-02-19 03:03:48,416 [Worker-20] INFO  o.e.m.c.i.e.AbstractTransferListenerAdapter - Downloaded https://repo.maven.apache.org/maven2/org/codehaus/groovy/groovy/3.0.8/groovy-3.0.8.pom
2022-02-19 03:03:48,661 [Worker-20] INFO  o.e.m.c.i.e.AbstractTransferListenerAdapter - Downloading https://repo.maven.apache.org/maven2/org/codehaus/groovy/groovy-xml/3.0.8/groovy-xml-3.0.8.pom
2022-02-19 03:03:48,971 [Worker-20] INFO  o.e.m.c.i.e.AbstractTransferListenerAdapter - Downloaded https://repo.maven.apache.org/maven2/org/codehaus/groovy/groovy-xml/3.0.8/groovy-xml-3.0.8.pom
2022-02-19 03:03:49,239 [Worker-20] INFO  o.e.m.c.i.e.AbstractTransferListenerAdapter - Downloading https://repo.maven.apache.org/maven2/org/apache/httpcomponents/httpclient/4.5.13/httpclient-4.5.13.pom
2022-02-19 03:03:49,510 [Worker-20] INFO  o.e.m.c.i.e.AbstractTransferListenerAdapter - Downloaded https://repo.maven.apache.org/maven2/org/apache/httpcomponents/httpclient/4.5.13/httpclient-4.5.13.pom
2022-02-19 03:03:49,759 [Worker-20] INFO  o.e.m.c.i.e.AbstractTransferListenerAdapter - Downloading https://repo.maven.apache.org/maven2/org/apache/httpcomponents/httpcomponents-client/4.5.13/httpcomponents-client-4.5.13.pom
2022-02-19 03:03:50,064 [Worker-20] INFO  o.e.m.c.i.e.AbstractTransferListenerAdapter - Downloaded https://repo.maven.apache.org/maven2/org/apache/httpcomponents/httpcomponents-client/4.5.13/httpcomponents-client-4.5.13.pom
2022-02-19 03:03:50,319 [Worker-20] INFO  o.e.m.c.i.e.AbstractTransferListenerAdapter - Downloading https://repo.maven.apache.org/maven2/org/apache/httpcomponents/httpcomponents-parent/11/httpcomponents-parent-11.pom
2022-02-19 03:03:50,654 [Worker-20] INFO  o.e.m.c.i.e.AbstractTransferListenerAdapter - Downloaded https://repo.maven.apache.org/maven2/org/apache/httpcomponents/httpcomponents-parent/11/httpcomponents-parent-11.pom
2022-02-19 03:03:50,925 [Worker-20] INFO  o.e.m.c.i.e.AbstractTransferListenerAdapter - Downloading https://repo.maven.apache.org/maven2/org/apache/apache/21/apache-21.pom
2022-02-19 03:03:51,181 [Worker-20] INFO  o.e.m.c.i.e.AbstractTransferListenerAdapter - Downloaded https://repo.maven.apache.org/maven2/org/apache/apache/21/apache-21.pom
2022-02-19 03:03:51,455 [Worker-20] INFO  o.e.m.c.i.e.AbstractTransferListenerAdapter - Downloading https://repo.maven.apache.org/maven2/org/apache/httpcomponents/httpcore/4.4.13/httpcore-4.4.13.pom
2022-02-19 03:03:51,705 [Worker-20] INFO  o.e.m.c.i.e.AbstractTransferListenerAdapter - Downloaded https://repo.maven.apache.org/maven2/org/apache/httpcomponents/httpcore/4.4.13/httpcore-4.4.13.pom
2022-02-19 03:03:51,981 [Worker-20] INFO  o.e.m.c.i.e.AbstractTransferListenerAdapter - Downloading https://repo.maven.apache.org/maven2/org/apache/httpcomponents/httpcomponents-core/4.4.13/httpcomponents-core-4.4.13.pom
2022-02-19 03:03:52,262 [Worker-20] INFO  o.e.m.c.i.e.AbstractTransferListenerAdapter - Downloaded https://repo.maven.apache.org/maven2/org/apache/httpcomponents/httpcomponents-core/4.4.13/httpcomponents-core-4.4.13.pom
2022-02-19 03:03:52,772 [Worker-20] INFO  o.e.m.c.i.e.AbstractTransferListenerAdapter - Downloading https://repo.maven.apache.org/maven2/commons-codec/commons-codec/1.11/commons-codec-1.11.pom
2022-02-19 03:03:53,162 [Worker-20] INFO  o.e.m.c.i.e.AbstractTransferListenerAdapter - Downloaded https://repo.maven.apache.org/maven2/commons-codec/commons-codec/1.11/commons-codec-1.11.pom
2022-02-19 03:03:53,398 [Worker-20] INFO  o.e.m.c.i.e.AbstractTransferListenerAdapter - Downloading https://repo.maven.apache.org/maven2/org/apache/commons/commons-parent/42/commons-parent-42.pom
2022-02-19 03:03:53,767 [Worker-20] INFO  o.e.m.c.i.e.AbstractTransferListenerAdapter - Downloaded https://repo.maven.apache.org/maven2/org/apache/commons/commons-parent/42/commons-parent-42.pom
2022-02-19 03:03:54,103 [Worker-20] INFO  o.e.m.c.i.e.AbstractTransferListenerAdapter - Downloading https://repo.maven.apache.org/maven2/org/apache/httpcomponents/httpmime/4.5.13/httpmime-4.5.13.pom
2022-02-19 03:03:54,375 [Worker-20] INFO  o.e.m.c.i.e.AbstractTransferListenerAdapter - Downloaded https://repo.maven.apache.org/maven2/org/apache/httpcomponents/httpmime/4.5.13/httpmime-4.5.13.pom
2022-02-19 03:03:54,654 [Worker-20] INFO  o.e.m.c.i.e.AbstractTransferListenerAdapter - Downloading https://repo.maven.apache.org/maven2/org/hamcrest/hamcrest/2.1/hamcrest-2.1.pom
2022-02-19 03:03:54,918 [Worker-20] INFO  o.e.m.c.i.e.AbstractTransferListenerAdapter - Downloaded https://repo.maven.apache.org/maven2/org/hamcrest/hamcrest/2.1/hamcrest-2.1.pom
2022-02-19 03:03:55,223 [Worker-20] INFO  o.e.m.c.i.e.AbstractTransferListenerAdapter - Downloading https://repo.maven.apache.org/maven2/io/rest-assured/json-path/4.4.0/json-path-4.4.0.pom
2022-02-19 03:03:55,496 [Worker-20] INFO  o.e.m.c.i.e.AbstractTransferListenerAdapter - Downloaded https://repo.maven.apache.org/maven2/io/rest-assured/json-path/4.4.0/json-path-4.4.0.pom
2022-02-19 03:03:55,742 [Worker-20] INFO  o.e.m.c.i.e.AbstractTransferListenerAdapter - Downloading https://repo.maven.apache.org/maven2/org/codehaus/groovy/groovy-json/3.0.8/groovy-json-3.0.8.pom
2022-02-19 03:03:56,022 [Worker-20] INFO  o.e.m.c.i.e.AbstractTransferListenerAdapter - Downloaded https://repo.maven.apache.org/maven2/org/codehaus/groovy/groovy-json/3.0.8/groovy-json-3.0.8.pom
2022-02-19 03:03:56,263 [Worker-20] INFO  o.e.m.c.i.e.AbstractTransferListenerAdapter - Downloading https://repo.maven.apache.org/maven2/io/rest-assured/rest-assured-common/4.4.0/rest-assured-common-4.4.0.pom
2022-02-19 03:03:56,524 [Worker-20] INFO  o.e.m.c.i.e.AbstractTransferListenerAdapter - Downloaded https://repo.maven.apache.org/maven2/io/rest-assured/rest-assured-common/4.4.0/rest-assured-common-4.4.0.pom
2022-02-19 03:03:56,764 [Worker-20] INFO  o.e.m.c.i.e.AbstractTransferListenerAdapter - Downloading https://repo.maven.apache.org/maven2/org/apache/commons/commons-lang3/3.11/commons-lang3-3.11.pom
2022-02-19 03:03:57,075 [Worker-20] INFO  o.e.m.c.i.e.AbstractTransferListenerAdapter - Downloaded https://repo.maven.apache.org/maven2/org/apache/commons/commons-lang3/3.11/commons-lang3-3.11.pom
2022-02-19 03:03:57,324 [Worker-20] INFO  o.e.m.c.i.e.AbstractTransferListenerAdapter - Downloading https://repo.maven.apache.org/maven2/org/apache/commons/commons-parent/51/commons-parent-51.pom
2022-02-19 03:03:57,705 [Worker-20] INFO  o.e.m.c.i.e.AbstractTransferListenerAdapter - Downloaded https://repo.maven.apache.org/maven2/org/apache/commons/commons-parent/51/commons-parent-51.pom
2022-02-19 03:03:57,966 [Worker-20] INFO  o.e.m.c.i.e.AbstractTransferListenerAdapter - Downloading https://repo.maven.apache.org/maven2/org/apache/apache/23/apache-23.pom
2022-02-19 03:03:58,281 [Worker-20] INFO  o.e.m.c.i.e.AbstractTransferListenerAdapter - Downloaded https://repo.maven.apache.org/maven2/org/apache/apache/23/apache-23.pom
2022-02-19 03:03:59,469 [Worker-20] INFO  o.e.m.c.i.e.AbstractTransferListenerAdapter - Downloading https://repo.maven.apache.org/maven2/io/rest-assured/xml-path/4.4.0/xml-path-4.4.0.pom
2022-02-19 03:03:59,774 [Worker-20] INFO  o.e.m.c.i.e.AbstractTransferListenerAdapter - Downloaded https://repo.maven.apache.org/maven2/io/rest-assured/xml-path/4.4.0/xml-path-4.4.0.pom
2022-02-19 03:04:00,030 [Worker-20] INFO  o.e.m.c.i.e.AbstractTransferListenerAdapter - Downloading https://repo.maven.apache.org/maven2/jakarta/xml/bind/jakarta.xml.bind-api/2.3.3/jakarta.xml.bind-api-2.3.3.pom
2022-02-19 03:04:00,297 [Worker-20] INFO  o.e.m.c.i.e.AbstractTransferListenerAdapter - Downloaded https://repo.maven.apache.org/maven2/jakarta/xml/bind/jakarta.xml.bind-api/2.3.3/jakarta.xml.bind-api-2.3.3.pom
2022-02-19 03:04:00,541 [Worker-20] INFO  o.e.m.c.i.e.AbstractTransferListenerAdapter - Downloading https://repo.maven.apache.org/maven2/jakarta/xml/bind/jakarta.xml.bind-api-parent/2.3.3/jakarta.xml.bind-api-parent-2.3.3.pom
2022-02-19 03:04:00,835 [Worker-20] INFO  o.e.m.c.i.e.AbstractTransferListenerAdapter - Downloaded https://repo.maven.apache.org/maven2/jakarta/xml/bind/jakarta.xml.bind-api-parent/2.3.3/jakarta.xml.bind-api-parent-2.3.3.pom
2022-02-19 03:04:01,112 [Worker-20] INFO  o.e.m.c.i.e.AbstractTransferListenerAdapter - Downloading https://repo.maven.apache.org/maven2/org/eclipse/ee4j/project/1.0.6/project-1.0.6.pom
2022-02-19 03:04:01,400 [Worker-20] INFO  o.e.m.c.i.e.AbstractTransferListenerAdapter - Downloaded https://repo.maven.apache.org/maven2/org/eclipse/ee4j/project/1.0.6/project-1.0.6.pom
2022-02-19 03:04:01,653 [Worker-20] INFO  o.e.m.c.i.e.AbstractTransferListenerAdapter - Downloading https://repo.maven.apache.org/maven2/jakarta/activation/jakarta.activation-api/1.2.2/jakarta.activation-api-1.2.2.pom
2022-02-19 03:04:01,962 [Worker-20] INFO  o.e.m.c.i.e.AbstractTransferListenerAdapter - Downloaded https://repo.maven.apache.org/maven2/jakarta/activation/jakarta.activation-api/1.2.2/jakarta.activation-api-1.2.2.pom
2022-02-19 03:04:02,246 [Worker-20] INFO  o.e.m.c.i.e.AbstractTransferListenerAdapter - Downloading https://repo.maven.apache.org/maven2/com/sun/activation/all/1.2.2/all-1.2.2.pom
2022-02-19 03:04:02,562 [Worker-20] INFO  o.e.m.c.i.e.AbstractTransferListenerAdapter - Downloaded https://repo.maven.apache.org/maven2/com/sun/activation/all/1.2.2/all-1.2.2.pom
2022-02-19 03:04:02,822 [Worker-20] INFO  o.e.m.c.i.e.AbstractTransferListenerAdapter - Downloading https://repo.maven.apache.org/maven2/com/sun/xml/bind/jaxb-impl/2.3.3/jaxb-impl-2.3.3.pom
2022-02-19 03:04:03,144 [Worker-20] INFO  o.e.m.c.i.e.AbstractTransferListenerAdapter - Downloaded https://repo.maven.apache.org/maven2/com/sun/xml/bind/jaxb-impl/2.3.3/jaxb-impl-2.3.3.pom
2022-02-19 03:04:03,378 [Worker-20] INFO  o.e.m.c.i.e.AbstractTransferListenerAdapter - Downloading https://repo.maven.apache.org/maven2/com/sun/xml/bind/mvn/jaxb-bundles/2.3.3/jaxb-bundles-2.3.3.pom
2022-02-19 03:04:03,641 [Worker-20] INFO  o.e.m.c.i.e.AbstractTransferListenerAdapter - Downloaded https://repo.maven.apache.org/maven2/com/sun/xml/bind/mvn/jaxb-bundles/2.3.3/jaxb-bundles-2.3.3.pom
2022-02-19 03:04:03,885 [Worker-20] INFO  o.e.m.c.i.e.AbstractTransferListenerAdapter - Downloading https://repo.maven.apache.org/maven2/com/sun/xml/bind/mvn/jaxb-parent/2.3.3/jaxb-parent-2.3.3.pom
2022-02-19 03:04:04,162 [Worker-20] INFO  o.e.m.c.i.e.AbstractTransferListenerAdapter - Downloaded https://repo.maven.apache.org/maven2/com/sun/xml/bind/mvn/jaxb-parent/2.3.3/jaxb-parent-2.3.3.pom
2022-02-19 03:04:04,400 [Worker-20] INFO  o.e.m.c.i.e.AbstractTransferListenerAdapter - Downloading https://repo.maven.apache.org/maven2/com/sun/xml/bind/jaxb-bom-ext/2.3.3/jaxb-bom-ext-2.3.3.pom
2022-02-19 03:04:04,665 [Worker-20] INFO  o.e.m.c.i.e.AbstractTransferListenerAdapter - Downloaded https://repo.maven.apache.org/maven2/com/sun/xml/bind/jaxb-bom-ext/2.3.3/jaxb-bom-ext-2.3.3.pom
2022-02-19 03:04:04,911 [Worker-20] INFO  o.e.m.c.i.e.AbstractTransferListenerAdapter - Downloading https://repo.maven.apache.org/maven2/org/glassfish/jaxb/jaxb-bom/2.3.3/jaxb-bom-2.3.3.pom
2022-02-19 03:04:05,189 [Worker-20] INFO  o.e.m.c.i.e.AbstractTransferListenerAdapter - Downloaded https://repo.maven.apache.org/maven2/org/glassfish/jaxb/jaxb-bom/2.3.3/jaxb-bom-2.3.3.pom
2022-02-19 03:04:05,747 [Worker-20] INFO  o.e.m.c.i.e.AbstractTransferListenerAdapter - Downloading https://repo.maven.apache.org/maven2/io/rest-assured/rest-assured/4.4.0/rest-assured-4.4.0.jar
2022-02-19 03:04:06,773 [Worker-20] INFO  o.e.m.c.i.e.AbstractTransferListenerAdapter - Downloaded https://repo.maven.apache.org/maven2/io/rest-assured/rest-assured/4.4.0/rest-assured-4.4.0.jar
2022-02-19 03:04:06,992 [Worker-20] INFO  o.e.m.c.i.e.AbstractTransferListenerAdapter - Downloading https://repo.maven.apache.org/maven2/org/codehaus/groovy/groovy/3.0.8/groovy-3.0.8.jar
2022-02-19 03:04:09,586 [Worker-20] INFO  o.e.m.c.i.e.AbstractTransferListenerAdapter - Downloaded https://repo.maven.apache.org/maven2/org/codehaus/groovy/groovy/3.0.8/groovy-3.0.8.jar
2022-02-19 03:04:09,805 [Worker-20] INFO  o.e.m.c.i.e.AbstractTransferListenerAdapter - Downloading https://repo.maven.apache.org/maven2/org/codehaus/groovy/groovy-xml/3.0.8/groovy-xml-3.0.8.jar
2022-02-19 03:04:10,141 [Worker-20] INFO  o.e.m.c.i.e.AbstractTransferListenerAdapter - Downloaded https://repo.maven.apache.org/maven2/org/codehaus/groovy/groovy-xml/3.0.8/groovy-xml-3.0.8.jar
2022-02-19 03:04:10,369 [Worker-20] INFO  o.e.m.c.i.e.AbstractTransferListenerAdapter - Downloading https://repo.maven.apache.org/maven2/org/apache/httpcomponents/httpclient/4.5.13/httpclient-4.5.13.jar
2022-02-19 03:04:10,985 [Worker-20] INFO  o.e.m.c.i.e.AbstractTransferListenerAdapter - Downloaded https://repo.maven.apache.org/maven2/org/apache/httpcomponents/httpclient/4.5.13/httpclient-4.5.13.jar
2022-02-19 03:04:11,214 [Worker-20] INFO  o.e.m.c.i.e.AbstractTransferListenerAdapter - Downloading https://repo.maven.apache.org/maven2/org/apache/httpcomponents/httpcore/4.4.13/httpcore-4.4.13.jar
2022-02-19 03:04:11,646 [Worker-20] INFO  o.e.m.c.i.e.AbstractTransferListenerAdapter - Downloaded https://repo.maven.apache.org/maven2/org/apache/httpcomponents/httpcore/4.4.13/httpcore-4.4.13.jar
2022-02-19 03:04:11,869 [Worker-20] INFO  o.e.m.c.i.e.AbstractTransferListenerAdapter - Downloading https://repo.maven.apache.org/maven2/commons-codec/commons-codec/1.11/commons-codec-1.11.jar
2022-02-19 03:04:12,249 [Worker-20] INFO  o.e.m.c.i.e.AbstractTransferListenerAdapter - Downloaded https://repo.maven.apache.org/maven2/commons-codec/commons-codec/1.11/commons-codec-1.11.jar
2022-02-19 03:04:12,474 [Worker-20] INFO  o.e.m.c.i.e.AbstractTransferListenerAdapter - Downloading https://repo.maven.apache.org/maven2/org/apache/httpcomponents/httpmime/4.5.13/httpmime-4.5.13.jar
2022-02-19 03:04:13,361 [Worker-20] INFO  o.e.m.c.i.e.AbstractTransferListenerAdapter - Downloaded https://repo.maven.apache.org/maven2/org/apache/httpcomponents/httpmime/4.5.13/httpmime-4.5.13.jar
2022-02-19 03:04:13,591 [Worker-20] INFO  o.e.m.c.i.e.AbstractTransferListenerAdapter - Downloading https://repo.maven.apache.org/maven2/org/hamcrest/hamcrest/2.1/hamcrest-2.1.jar
2022-02-19 03:04:13,928 [Worker-20] INFO  o.e.m.c.i.e.AbstractTransferListenerAdapter - Downloaded https://repo.maven.apache.org/maven2/org/hamcrest/hamcrest/2.1/hamcrest-2.1.jar
2022-02-19 03:04:14,155 [Worker-20] INFO  o.e.m.c.i.e.AbstractTransferListenerAdapter - Downloading https://repo.maven.apache.org/maven2/io/rest-assured/json-path/4.4.0/json-path-4.4.0.jar
2022-02-19 03:04:14,579 [Worker-20] INFO  o.e.m.c.i.e.AbstractTransferListenerAdapter - Downloaded https://repo.maven.apache.org/maven2/io/rest-assured/json-path/4.4.0/json-path-4.4.0.jar
2022-02-19 03:04:14,803 [Worker-20] INFO  o.e.m.c.i.e.AbstractTransferListenerAdapter - Downloading https://repo.maven.apache.org/maven2/org/codehaus/groovy/groovy-json/3.0.8/groovy-json-3.0.8.jar
2022-02-19 03:04:15,106 [Worker-20] INFO  o.e.m.c.i.e.AbstractTransferListenerAdapter - Downloaded https://repo.maven.apache.org/maven2/org/codehaus/groovy/groovy-json/3.0.8/groovy-json-3.0.8.jar
2022-02-19 03:04:15,342 [Worker-20] INFO  o.e.m.c.i.e.AbstractTransferListenerAdapter - Downloading https://repo.maven.apache.org/maven2/io/rest-assured/rest-assured-common/4.4.0/rest-assured-common-4.4.0.jar
2022-02-19 03:04:16,174 [Worker-20] INFO  o.e.m.c.i.e.AbstractTransferListenerAdapter - Downloaded https://repo.maven.apache.org/maven2/io/rest-assured/rest-assured-common/4.4.0/rest-assured-common-4.4.0.jar
2022-02-19 03:04:16,496 [Worker-20] INFO  o.e.m.c.i.e.AbstractTransferListenerAdapter - Downloading https://repo.maven.apache.org/maven2/io/rest-assured/xml-path/4.4.0/xml-path-4.4.0.jar
2022-02-19 03:04:16,782 [Worker-20] INFO  o.e.m.c.i.e.AbstractTransferListenerAdapter - Downloaded https://repo.maven.apache.org/maven2/io/rest-assured/xml-path/4.4.0/xml-path-4.4.0.jar
2022-02-19 03:04:17,019 [Worker-20] INFO  o.e.m.c.i.e.AbstractTransferListenerAdapter - Downloading https://repo.maven.apache.org/maven2/org/apache/commons/commons-lang3/3.11/commons-lang3-3.11.jar
2022-02-19 03:04:17,342 [Worker-20] INFO  o.e.m.c.i.e.AbstractTransferListenerAdapter - Downloaded https://repo.maven.apache.org/maven2/org/apache/commons/commons-lang3/3.11/commons-lang3-3.11.jar
2022-02-19 03:04:17,560 [Worker-20] INFO  o.e.m.c.i.e.AbstractTransferListenerAdapter - Downloading https://repo.maven.apache.org/maven2/jakarta/xml/bind/jakarta.xml.bind-api/2.3.3/jakarta.xml.bind-api-2.3.3.jar
2022-02-19 03:04:17,916 [Worker-20] INFO  o.e.m.c.i.e.AbstractTransferListenerAdapter - Downloaded https://repo.maven.apache.org/maven2/jakarta/xml/bind/jakarta.xml.bind-api/2.3.3/jakarta.xml.bind-api-2.3.3.jar
2022-02-19 03:04:18,148 [Worker-20] INFO  o.e.m.c.i.e.AbstractTransferListenerAdapter - Downloading https://repo.maven.apache.org/maven2/jakarta/activation/jakarta.activation-api/1.2.2/jakarta.activation-api-1.2.2.jar
2022-02-19 03:04:19,101 [Worker-20] INFO  o.e.m.c.i.e.AbstractTransferListenerAdapter - Downloaded https://repo.maven.apache.org/maven2/jakarta/activation/jakarta.activation-api/1.2.2/jakarta.activation-api-1.2.2.jar
2022-02-19 03:04:19,317 [Worker-20] INFO  o.e.m.c.i.e.AbstractTransferListenerAdapter - Downloading https://repo.maven.apache.org/maven2/com/sun/xml/bind/jaxb-impl/2.3.3/jaxb-impl-2.3.3.jar
2022-02-19 03:04:19,691 [Worker-20] INFO  o.e.m.c.i.e.AbstractTransferListenerAdapter - Downloaded https://repo.maven.apache.org/maven2/com/sun/xml/bind/jaxb-impl/2.3.3/jaxb-impl-2.3.3.jar
2022-02-19 03:04:41,623 [Worker-20] WARN  o.e.m.c.i.embedder.EclipseLogger - Using platform encoding (Cp1252 actually) to copy filtered resources, i.e. build is platform dependent!
2022-02-19 03:04:41,626 [Worker-20] INFO  o.e.m.c.i.embedder.EclipseLogger - skip non existing resourceDirectory C:\RestApiWorksapce\DemoProject\src\main\resources
2022-02-19 03:04:41,634 [Worker-20] WARN  o.e.m.c.i.embedder.EclipseLogger - Using platform encoding (Cp1252 actually) to copy filtered resources, i.e. build is platform dependent!
2022-02-19 03:04:41,636 [Worker-20] INFO  o.e.m.c.i.embedder.EclipseLogger - skip non existing resourceDirectory C:\RestApiWorksapce\DemoProject\src\test\resources
2022-02-19 03:04:48,075 [Worker-20] WARN  o.e.m.c.i.embedder.EclipseLogger - Using platform encoding (Cp1252 actually) to copy filtered resources, i.e. build is platform dependent!
2022-02-19 03:04:48,111 [Worker-20] INFO  o.e.m.c.i.embedder.EclipseLogger - skip non existing resourceDirectory C:\RestApiWorksapce\DemoProject\src\main\resources
2022-02-19 03:04:48,115 [Worker-20] WARN  o.e.m.c.i.embedder.EclipseLogger - Using platform encoding (Cp1252 actually) to copy filtered resources, i.e. build is platform dependent!
2022-02-19 03:04:48,154 [Worker-20] INFO  o.e.m.c.i.embedder.EclipseLogger - skip non existing resourceDirectory C:\RestApiWorksapce\DemoProject\src\test\resources
2022-02-19 03:06:27,285 [Worker-20] INFO  o.e.m.c.i.l.LifecycleMappingFactory - Using org.eclipse.m2e.jdt.JarLifecycleMapping lifecycle mapping for MavenProject: DemoProject:DemoProject:0.0.1-SNAPSHOT @ C:\RestApiWorksapce\DemoProject\pom.xml.
2022-02-19 03:06:30,317 [Worker-20] INFO  o.e.m.c.i.e.AbstractTransferListenerAdapter - Downloading https://repo.maven.apache.org/maven2/org/testng/testng/7.4.0/testng-7.4.0.pom
2022-02-19 03:06:30,694 [Worker-20] INFO  o.e.m.c.i.e.AbstractTransferListenerAdapter - Downloaded https://repo.maven.apache.org/maven2/org/testng/testng/7.4.0/testng-7.4.0.pom
2022-02-19 03:06:31,071 [Worker-20] INFO  o.e.m.c.i.e.AbstractTransferListenerAdapter - Downloading https://repo.maven.apache.org/maven2/com/beust/jcommander/1.78/jcommander-1.78.pom
2022-02-19 03:06:31,352 [Worker-20] INFO  o.e.m.c.i.e.AbstractTransferListenerAdapter - Downloaded https://repo.maven.apache.org/maven2/com/beust/jcommander/1.78/jcommander-1.78.pom
2022-02-19 03:06:31,607 [Worker-20] INFO  o.e.m.c.i.e.AbstractTransferListenerAdapter - Downloading https://repo.maven.apache.org/maven2/org/webjars/jquery/3.5.1/jquery-3.5.1.pom
2022-02-19 03:06:31,923 [Worker-20] INFO  o.e.m.c.i.e.AbstractTransferListenerAdapter - Downloaded https://repo.maven.apache.org/maven2/org/webjars/jquery/3.5.1/jquery-3.5.1.pom
2022-02-19 03:06:32,359 [Worker-20] INFO  o.e.m.c.i.e.AbstractTransferListenerAdapter - Downloading https://repo.maven.apache.org/maven2/org/hamcrest/hamcrest/2.2/hamcrest-2.2.pom
2022-02-19 03:06:32,625 [Worker-20] INFO  o.e.m.c.i.e.AbstractTransferListenerAdapter - Downloaded https://repo.maven.apache.org/maven2/org/hamcrest/hamcrest/2.2/hamcrest-2.2.pom
2022-02-19 03:06:33,406 [Worker-20] INFO  o.e.m.c.i.e.AbstractTransferListenerAdapter - Downloading https://repo.maven.apache.org/maven2/org/testng/testng/7.4.0/testng-7.4.0.jar
2022-02-19 03:06:34,849 [Worker-20] INFO  o.e.m.c.i.e.AbstractTransferListenerAdapter - Downloaded https://repo.maven.apache.org/maven2/org/testng/testng/7.4.0/testng-7.4.0.jar
2022-02-19 03:06:35,055 [Worker-20] INFO  o.e.m.c.i.e.AbstractTransferListenerAdapter - Downloading https://repo.maven.apache.org/maven2/com/beust/jcommander/1.78/jcommander-1.78.jar
2022-02-19 03:06:35,331 [Worker-20] INFO  o.e.m.c.i.e.AbstractTransferListenerAdapter - Downloaded https://repo.maven.apache.org/maven2/com/beust/jcommander/1.78/jcommander-1.78.jar
2022-02-19 03:06:35,553 [Worker-20] INFO  o.e.m.c.i.e.AbstractTransferListenerAdapter - Downloading https://repo.maven.apache.org/maven2/org/webjars/jquery/3.5.1/jquery-3.5.1.jar
2022-02-19 03:06:35,901 [Worker-20] INFO  o.e.m.c.i.e.AbstractTransferListenerAdapter - Downloaded https://repo.maven.apache.org/maven2/org/webjars/jquery/3.5.1/jquery-3.5.1.jar
2022-02-19 03:06:36,116 [Worker-20] INFO  o.e.m.c.i.e.AbstractTransferListenerAdapter - Downloading https://repo.maven.apache.org/maven2/org/hamcrest/hamcrest/2.2/hamcrest-2.2.jar
2022-02-19 03:06:36,418 [Worker-20] INFO  o.e.m.c.i.e.AbstractTransferListenerAdapter - Downloaded https://repo.maven.apache.org/maven2/org/hamcrest/hamcrest/2.2/hamcrest-2.2.jar
2022-02-19 03:06:41,603 [Worker-20] WARN  o.e.m.c.i.embedder.EclipseLogger - Using platform encoding (Cp1252 actually) to copy filtered resources, i.e. build is platform dependent!
2022-02-19 03:06:41,609 [Worker-20] INFO  o.e.m.c.i.embedder.EclipseLogger - skip non existing resourceDirectory C:\RestApiWorksapce\DemoProject\src\main\resources
2022-02-19 03:06:41,662 [Worker-20] WARN  o.e.m.c.i.embedder.EclipseLogger - Using platform encoding (Cp1252 actually) to copy filtered resources, i.e. build is platform dependent!
2022-02-19 03:06:41,679 [Worker-20] INFO  o.e.m.c.i.embedder.EclipseLogger - skip non existing resourceDirectory C:\RestApiWorksapce\DemoProject\src\test\resources
2022-02-19 03:06:44,844 [Worker-19] WARN  o.e.m.c.i.embedder.EclipseLogger - Using platform encoding (Cp1252 actually) to copy filtered resources, i.e. build is platform dependent!
2022-02-19 03:06:44,846 [Worker-19] INFO  o.e.m.c.i.embedder.EclipseLogger - skip non existing resourceDirectory C:\RestApiWorksapce\DemoProject\src\main\resources
2022-02-19 03:06:44,853 [Worker-19] WARN  o.e.m.c.i.embedder.EclipseLogger - Using platform encoding (Cp1252 actually) to copy filtered resources, i.e. build is platform dependent!
2022-02-19 03:06:44,855 [Worker-19] INFO  o.e.m.c.i.embedder.EclipseLogger - skip non existing resourceDirectory C:\RestApiWorksapce\DemoProject\src\test\resources
2022-02-19 03:07:46,793 [Worker-21] WARN  o.e.m.c.i.embedder.EclipseLogger - Using platform encoding (Cp1252 actually) to copy filtered resources, i.e. build is platform dependent!
2022-02-19 03:07:46,796 [Worker-21] INFO  o.e.m.c.i.embedder.EclipseLogger - skip non existing resourceDirectory C:\RestApiWorksapce\DemoProject\src\main\resources
2022-02-19 03:07:46,811 [Worker-21] WARN  o.e.m.c.i.embedder.EclipseLogger - Using platform encoding (Cp1252 actually) to copy filtered resources, i.e. build is platform dependent!
2022-02-19 03:07:46,814 [Worker-21] INFO  o.e.m.c.i.embedder.EclipseLogger - skip non existing resourceDirectory C:\RestApiWorksapce\DemoProject\src\test\resources
2022-02-19 03:08:25,375 [Worker-18] WARN  o.e.m.c.i.embedder.EclipseLogger - Using platform encoding (Cp1252 actually) to copy filtered resources, i.e. build is platform dependent!
2022-02-19 03:08:25,381 [Worker-18] INFO  o.e.m.c.i.embedder.EclipseLogger - skip non existing resourceDirectory C:\RestApiWorksapce\DemoProject\src\main\resources
2022-02-19 03:08:25,383 [Worker-18] WARN  o.e.m.c.i.embedder.EclipseLogger - Using platform encoding (Cp1252 actually) to copy filtered resources, i.e. build is platform dependent!
2022-02-19 03:08:25,386 [Worker-18] INFO  o.e.m.c.i.embedder.EclipseLogger - skip non existing resourceDirectory C:\RestApiWorksapce\DemoProject\src\test\resources
2022-02-19 03:08:27,873 [Worker-18] WARN  o.e.m.c.i.embedder.EclipseLogger - Using platform encoding (Cp1252 actually) to copy filtered resources, i.e. build is platform dependent!
2022-02-19 03:08:27,877 [Worker-18] INFO  o.e.m.c.i.embedder.EclipseLogger - skip non existing resourceDirectory C:\RestApiWorksapce\DemoProject\src\main\resources
2022-02-19 03:08:27,880 [Worker-18] WARN  o.e.m.c.i.embedder.EclipseLogger - Using platform encoding (Cp1252 actually) to copy filtered resources, i.e. build is platform dependent!
2022-02-19 03:08:27,883 [Worker-18] INFO  o.e.m.c.i.embedder.EclipseLogger - skip non existing resourceDirectory C:\RestApiWorksapce\DemoProject\src\test\resources
2022-02-19 03:09:59,685 [Worker-22] WARN  o.e.r.models.ModelRepository - Failed to download org.eclipse.recommenders:index::zip:0.0.0
org.eclipse.aether.resolution.ArtifactResolutionException: Could not find artifact org.eclipse.recommenders:index:zip:0.0.0-SNAPSHOT in models (http://download.eclipse.org/recommenders/models/neon/)
	at org.eclipse.aether.internal.impl.DefaultArtifactResolver.resolve(DefaultArtifactResolver.java:444) ~[na:na]
	at org.eclipse.aether.internal.impl.DefaultArtifactResolver.resolveArtifacts(DefaultArtifactResolver.java:246) ~[na:na]
	at org.eclipse.aether.internal.impl.DefaultArtifactResolver.resolveArtifact(DefaultArtifactResolver.java:223) ~[na:na]
	at org.eclipse.aether.internal.impl.DefaultRepositorySystem.resolveArtifact(DefaultRepositorySystem.java:294) ~[na:na]
	at org.eclipse.recommenders.models.ModelRepository.resolveInternal(ModelRepository.java:193) [org.eclipse.recommenders.models_2.4.6.v20170307-1041.jar:na]
	at org.eclipse.recommenders.models.ModelRepository.resolve(ModelRepository.java:172) [org.eclipse.recommenders.models_2.4.6.v20170307-1041.jar:na]
	at org.eclipse.recommenders.internal.models.rcp.EclipseModelRepository.resolve(EclipseModelRepository.java:169) [org.eclipse.recommenders.models.rcp_2.4.6.v20170307-1041.jar:na]
	at org.eclipse.recommenders.internal.models.rcp.DownloadModelArchiveJob.run(DownloadModelArchiveJob.java:76) [org.eclipse.recommenders.models.rcp_2.4.6.v20170307-1041.jar:na]
	at org.eclipse.core.internal.jobs.Worker.run(Worker.java:55) [org.eclipse.core.jobs_3.8.0.v20160509-0411.jar:na]
Caused by: org.eclipse.aether.transfer.ArtifactNotFoundException: Could not find artifact org.eclipse.recommenders:index:zip:0.0.0-SNAPSHOT in models (http://download.eclipse.org/recommenders/models/neon/)
	at org.eclipse.aether.connector.basic.ArtifactTransportListener.transferFailed(ArtifactTransportListener.java:39) ~[org.eclipse.aether.connector.basic_1.0.1.v20141111.jar:na]
	at org.eclipse.aether.connector.basic.BasicRepositoryConnector$TaskRunner.run(BasicRepositoryConnector.java:355) ~[org.eclipse.aether.connector.basic_1.0.1.v20141111.jar:na]
	at org.eclipse.aether.util.concurrency.RunnableErrorForwarder$1.run(RunnableErrorForwarder.java:67) ~[na:na]
	at org.eclipse.aether.connector.basic.BasicRepositoryConnector$DirectExecutor.execute(BasicRepositoryConnector.java:581) ~[org.eclipse.aether.connector.basic_1.0.1.v20141111.jar:na]
	at org.eclipse.aether.connector.basic.BasicRepositoryConnector.get(BasicRepositoryConnector.java:249) ~[org.eclipse.aether.connector.basic_1.0.1.v20141111.jar:na]
	at org.eclipse.aether.internal.impl.DefaultArtifactResolver.performDownloads(DefaultArtifactResolver.java:520) ~[na:na]
	at org.eclipse.aether.internal.impl.DefaultArtifactResolver.resolve(DefaultArtifactResolver.java:421) ~[na:na]
	... 8 common frames omitted
2022-02-19 03:17:29,989 [Worker-24] WARN  o.e.m.c.i.embedder.EclipseLogger - Using platform encoding (Cp1252 actually) to copy filtered resources, i.e. build is platform dependent!
2022-02-19 03:17:30,038 [Worker-24] INFO  o.e.m.c.i.embedder.EclipseLogger - skip non existing resourceDirectory C:\RestApiWorksapce\DemoProject\src\main\resources
2022-02-19 03:17:30,042 [Worker-24] WARN  o.e.m.c.i.embedder.EclipseLogger - Using platform encoding (Cp1252 actually) to copy filtered resources, i.e. build is platform dependent!
2022-02-19 03:17:30,075 [Worker-24] INFO  o.e.m.c.i.embedder.EclipseLogger - skip non existing resourceDirectory C:\RestApiWorksapce\DemoProject\src\test\resources
2022-02-19 03:21:45,274 [Worker-14] WARN  o.e.r.models.ModelRepository - Failed to download org.eclipse.recommenders:index::zip:0.0.0
org.eclipse.aether.resolution.ArtifactResolutionException: Could not find artifact org.eclipse.recommenders:index:zip:0.0.0-SNAPSHOT in models (http://download.eclipse.org/recommenders/models/neon/)
	at org.eclipse.aether.internal.impl.DefaultArtifactResolver.resolve(DefaultArtifactResolver.java:444) ~[na:na]
	at org.eclipse.aether.internal.impl.DefaultArtifactResolver.resolveArtifacts(DefaultArtifactResolver.java:246) ~[na:na]
	at org.eclipse.aether.internal.impl.DefaultArtifactResolver.resolveArtifact(DefaultArtifactResolver.java:223) ~[na:na]
	at org.eclipse.aether.internal.impl.DefaultRepositorySystem.resolveArtifact(DefaultRepositorySystem.java:294) ~[na:na]
	at org.eclipse.recommenders.models.ModelRepository.resolveInternal(ModelRepository.java:193) [org.eclipse.recommenders.models_2.4.6.v20170307-1041.jar:na]
	at org.eclipse.recommenders.models.ModelRepository.resolve(ModelRepository.java:172) [org.eclipse.recommenders.models_2.4.6.v20170307-1041.jar:na]
	at org.eclipse.recommenders.internal.models.rcp.EclipseModelRepository.resolve(EclipseModelRepository.java:169) [org.eclipse.recommenders.models.rcp_2.4.6.v20170307-1041.jar:na]
	at org.eclipse.recommenders.internal.models.rcp.DownloadModelArchiveJob.run(DownloadModelArchiveJob.java:76) [org.eclipse.recommenders.models.rcp_2.4.6.v20170307-1041.jar:na]
	at org.eclipse.core.internal.jobs.Worker.run(Worker.java:55) [org.eclipse.core.jobs_3.8.0.v20160509-0411.jar:na]
Caused by: org.eclipse.aether.transfer.ArtifactNotFoundException: Could not find artifact org.eclipse.recommenders:index:zip:0.0.0-SNAPSHOT in models (http://download.eclipse.org/recommenders/models/neon/)
	at org.eclipse.aether.connector.basic.ArtifactTransportListener.transferFailed(ArtifactTransportListener.java:39) ~[org.eclipse.aether.connector.basic_1.0.1.v20141111.jar:na]
	at org.eclipse.aether.connector.basic.BasicRepositoryConnector$TaskRunner.run(BasicRepositoryConnector.java:355) ~[org.eclipse.aether.connector.basic_1.0.1.v20141111.jar:na]
	at org.eclipse.aether.util.concurrency.RunnableErrorForwarder$1.run(RunnableErrorForwarder.java:67) ~[na:na]
	at org.eclipse.aether.connector.basic.BasicRepositoryConnector$DirectExecutor.execute(BasicRepositoryConnector.java:581) ~[org.eclipse.aether.connector.basic_1.0.1.v20141111.jar:na]
	at org.eclipse.aether.connector.basic.BasicRepositoryConnector.get(BasicRepositoryConnector.java:249) ~[org.eclipse.aether.connector.basic_1.0.1.v20141111.jar:na]
	at org.eclipse.aether.internal.impl.DefaultArtifactResolver.performDownloads(DefaultArtifactResolver.java:520) ~[na:na]
	at org.eclipse.aether.internal.impl.DefaultArtifactResolver.resolve(DefaultArtifactResolver.java:421) ~[na:na]
	... 8 common frames omitted
2022-02-19 03:28:39,176 [Worker-15] WARN  o.e.m.c.i.embedder.EclipseLogger - Using platform encoding (Cp1252 actually) to copy filtered resources, i.e. build is platform dependent!
2022-02-19 03:28:39,197 [Worker-15] INFO  o.e.m.c.i.embedder.EclipseLogger - skip non existing resourceDirectory C:\RestApiWorksapce\DemoProject\src\main\resources
2022-02-19 03:28:39,203 [Worker-15] WARN  o.e.m.c.i.embedder.EclipseLogger - Using platform encoding (Cp1252 actually) to copy filtered resources, i.e. build is platform dependent!
2022-02-19 03:28:39,206 [Worker-15] INFO  o.e.m.c.i.embedder.EclipseLogger - skip non existing resourceDirectory C:\RestApiWorksapce\DemoProject\src\test\resources
2022-02-19 12:12:30,694 [Worker-18] INFO  o.e.m.c.i.e.AbstractTransferListenerAdapter - Downloading https://repo.maven.apache.org/maven2/org/apache/maven/plugins/maven-compiler-plugin/3.7.0/maven-compiler-plugin-3.7.0.jar
2022-02-19 12:12:31,119 [Worker-18] INFO  o.e.m.c.i.e.AbstractTransferListenerAdapter - Downloaded https://repo.maven.apache.org/maven2/org/apache/maven/plugins/maven-compiler-plugin/3.7.0/maven-compiler-plugin-3.7.0.jar
2022-02-19 12:12:32,027 [Worker-18] INFO  o.e.m.c.i.e.AbstractTransferListenerAdapter - Downloading https://repo.maven.apache.org/maven2/org/apache/maven/plugins/maven-surefire-plugin/2.14.1/maven-surefire-plugin-2.14.1.jar
2022-02-19 12:12:32,536 [Worker-18] INFO  o.e.m.c.i.e.AbstractTransferListenerAdapter - Downloaded https://repo.maven.apache.org/maven2/org/apache/maven/plugins/maven-surefire-plugin/2.14.1/maven-surefire-plugin-2.14.1.jar
2022-02-19 12:12:33,990 [Worker-18] INFO  o.e.m.c.i.e.AbstractTransferListenerAdapter - Downloading https://repo.maven.apache.org/maven2/org/apache/maven/plugins/maven-compiler-plugin/3.7.0/maven-compiler-plugin-3.7.0.pom
2022-02-19 12:12:34,235 [Worker-18] INFO  o.e.m.c.i.e.AbstractTransferListenerAdapter - Downloaded https://repo.maven.apache.org/maven2/org/apache/maven/plugins/maven-compiler-plugin/3.7.0/maven-compiler-plugin-3.7.0.pom
2022-02-19 12:12:34,465 [Worker-18] INFO  o.e.m.c.i.e.AbstractTransferListenerAdapter - Downloading https://repo.maven.apache.org/maven2/org/apache/maven/plugins/maven-plugins/30/maven-plugins-30.pom
2022-02-19 12:12:34,700 [Worker-18] INFO  o.e.m.c.i.e.AbstractTransferListenerAdapter - Downloaded https://repo.maven.apache.org/maven2/org/apache/maven/plugins/maven-plugins/30/maven-plugins-30.pom
2022-02-19 12:12:34,939 [Worker-18] INFO  o.e.m.c.i.e.AbstractTransferListenerAdapter - Downloading https://repo.maven.apache.org/maven2/org/apache/maven/maven-parent/30/maven-parent-30.pom
2022-02-19 12:12:35,280 [Worker-18] INFO  o.e.m.c.i.e.AbstractTransferListenerAdapter - Downloaded https://repo.maven.apache.org/maven2/org/apache/maven/maven-parent/30/maven-parent-30.pom
2022-02-19 12:12:36,965 [Worker-18] INFO  o.e.m.c.i.e.AbstractTransferListenerAdapter - Downloading https://repo.maven.apache.org/maven2/org/codehaus/plexus/plexus-component-annotations/1.6/plexus-component-annotations-1.6.pom
2022-02-19 12:12:37,235 [Worker-18] INFO  o.e.m.c.i.e.AbstractTransferListenerAdapter - Downloaded https://repo.maven.apache.org/maven2/org/codehaus/plexus/plexus-component-annotations/1.6/plexus-component-annotations-1.6.pom
2022-02-19 12:12:37,472 [Worker-18] INFO  o.e.m.c.i.e.AbstractTransferListenerAdapter - Downloading https://repo.maven.apache.org/maven2/org/codehaus/plexus/plexus-containers/1.6/plexus-containers-1.6.pom
2022-02-19 12:12:37,799 [Worker-18] INFO  o.e.m.c.i.e.AbstractTransferListenerAdapter - Downloaded https://repo.maven.apache.org/maven2/org/codehaus/plexus/plexus-containers/1.6/plexus-containers-1.6.pom
2022-02-19 12:12:38,017 [Worker-18] INFO  o.e.m.c.i.e.AbstractTransferListenerAdapter - Downloading https://repo.maven.apache.org/maven2/org/codehaus/plexus/plexus/3.3.2/plexus-3.3.2.pom
2022-02-19 12:12:38,308 [Worker-18] INFO  o.e.m.c.i.e.AbstractTransferListenerAdapter - Downloaded https://repo.maven.apache.org/maven2/org/codehaus/plexus/plexus/3.3.2/plexus-3.3.2.pom
2022-02-19 12:12:40,661 [Worker-18] INFO  o.e.m.c.i.e.AbstractTransferListenerAdapter - Downloading https://repo.maven.apache.org/maven2/org/apache/maven/shared/maven-shared-utils/3.1.0/maven-shared-utils-3.1.0.pom
2022-02-19 12:12:40,980 [Worker-18] INFO  o.e.m.c.i.e.AbstractTransferListenerAdapter - Downloaded https://repo.maven.apache.org/maven2/org/apache/maven/shared/maven-shared-utils/3.1.0/maven-shared-utils-3.1.0.pom
2022-02-19 12:12:41,202 [Worker-18] INFO  o.e.m.c.i.e.AbstractTransferListenerAdapter - Downloading https://repo.maven.apache.org/maven2/org/apache/maven/shared/maven-shared-components/30/maven-shared-components-30.pom
2022-02-19 12:12:41,461 [Worker-18] INFO  o.e.m.c.i.e.AbstractTransferListenerAdapter - Downloaded https://repo.maven.apache.org/maven2/org/apache/maven/shared/maven-shared-components/30/maven-shared-components-30.pom
2022-02-19 12:12:43,689 [Worker-18] INFO  o.e.m.c.i.e.AbstractTransferListenerAdapter - Downloading https://repo.maven.apache.org/maven2/org/codehaus/plexus/plexus-java/0.9.2/plexus-java-0.9.2.pom
2022-02-19 12:12:43,983 [Worker-18] INFO  o.e.m.c.i.e.AbstractTransferListenerAdapter - Downloaded https://repo.maven.apache.org/maven2/org/codehaus/plexus/plexus-java/0.9.2/plexus-java-0.9.2.pom
2022-02-19 12:12:44,277 [Worker-18] INFO  o.e.m.c.i.e.AbstractTransferListenerAdapter - Downloading https://repo.maven.apache.org/maven2/org/codehaus/plexus/plexus-languages/0.9.2/plexus-languages-0.9.2.pom
2022-02-19 12:12:44,550 [Worker-18] INFO  o.e.m.c.i.e.AbstractTransferListenerAdapter - Downloaded https://repo.maven.apache.org/maven2/org/codehaus/plexus/plexus-languages/0.9.2/plexus-languages-0.9.2.pom
2022-02-19 12:12:45,067 [Worker-18] INFO  o.e.m.c.i.e.AbstractTransferListenerAdapter - Downloading https://repo.maven.apache.org/maven2/org/ow2/asm/asm/6.0_BETA/asm-6.0_BETA.pom
2022-02-19 12:12:45,612 [Worker-18] INFO  o.e.m.c.i.e.AbstractTransferListenerAdapter - Downloaded https://repo.maven.apache.org/maven2/org/ow2/asm/asm/6.0_BETA/asm-6.0_BETA.pom
2022-02-19 12:12:45,897 [Worker-18] INFO  o.e.m.c.i.e.AbstractTransferListenerAdapter - Downloading https://repo.maven.apache.org/maven2/org/ow2/asm/asm-parent/6.0_BETA/asm-parent-6.0_BETA.pom
2022-02-19 12:12:46,154 [Worker-18] INFO  o.e.m.c.i.e.AbstractTransferListenerAdapter - Downloaded https://repo.maven.apache.org/maven2/org/ow2/asm/asm-parent/6.0_BETA/asm-parent-6.0_BETA.pom
2022-02-19 12:12:46,392 [Worker-18] INFO  o.e.m.c.i.e.AbstractTransferListenerAdapter - Downloading https://repo.maven.apache.org/maven2/org/ow2/ow2/1.3/ow2-1.3.pom
2022-02-19 12:12:46,640 [Worker-18] INFO  o.e.m.c.i.e.AbstractTransferListenerAdapter - Downloaded https://repo.maven.apache.org/maven2/org/ow2/ow2/1.3/ow2-1.3.pom
2022-02-19 12:12:46,922 [Worker-18] INFO  o.e.m.c.i.e.AbstractTransferListenerAdapter - Downloading https://repo.maven.apache.org/maven2/com/thoughtworks/qdox/qdox/2.0-M7/qdox-2.0-M7.pom
2022-02-19 12:12:47,193 [Worker-18] INFO  o.e.m.c.i.e.AbstractTransferListenerAdapter - Downloaded https://repo.maven.apache.org/maven2/com/thoughtworks/qdox/qdox/2.0-M7/qdox-2.0-M7.pom
2022-02-19 12:12:47,542 [Worker-18] INFO  o.e.m.c.i.e.AbstractTransferListenerAdapter - Downloading https://repo.maven.apache.org/maven2/org/codehaus/plexus/plexus-compiler-api/2.8.2/plexus-compiler-api-2.8.2.pom
2022-02-19 12:12:47,790 [Worker-18] INFO  o.e.m.c.i.e.AbstractTransferListenerAdapter - Downloaded https://repo.maven.apache.org/maven2/org/codehaus/plexus/plexus-compiler-api/2.8.2/plexus-compiler-api-2.8.2.pom
2022-02-19 12:12:48,080 [Worker-18] INFO  o.e.m.c.i.e.AbstractTransferListenerAdapter - Downloading https://repo.maven.apache.org/maven2/org/codehaus/plexus/plexus-compiler/2.8.2/plexus-compiler-2.8.2.pom
2022-02-19 12:12:48,533 [Worker-18] INFO  o.e.m.c.i.e.AbstractTransferListenerAdapter - Downloaded https://repo.maven.apache.org/maven2/org/codehaus/plexus/plexus-compiler/2.8.2/plexus-compiler-2.8.2.pom
2022-02-19 12:12:49,102 [Worker-18] INFO  o.e.m.c.i.e.AbstractTransferListenerAdapter - Downloading https://repo.maven.apache.org/maven2/org/codehaus/plexus/plexus-compiler-manager/2.8.2/plexus-compiler-manager-2.8.2.pom
2022-02-19 12:12:49,374 [Worker-18] INFO  o.e.m.c.i.e.AbstractTransferListenerAdapter - Downloaded https://repo.maven.apache.org/maven2/org/codehaus/plexus/plexus-compiler-manager/2.8.2/plexus-compiler-manager-2.8.2.pom
2022-02-19 12:12:49,610 [Worker-18] INFO  o.e.m.c.i.e.AbstractTransferListenerAdapter - Downloading https://repo.maven.apache.org/maven2/org/codehaus/plexus/plexus-compiler-javac/2.8.2/plexus-compiler-javac-2.8.2.pom
2022-02-19 12:12:49,856 [Worker-18] INFO  o.e.m.c.i.e.AbstractTransferListenerAdapter - Downloaded https://repo.maven.apache.org/maven2/org/codehaus/plexus/plexus-compiler-javac/2.8.2/plexus-compiler-javac-2.8.2.pom
2022-02-19 12:12:50,075 [Worker-18] INFO  o.e.m.c.i.e.AbstractTransferListenerAdapter - Downloading https://repo.maven.apache.org/maven2/org/codehaus/plexus/plexus-compilers/2.8.2/plexus-compilers-2.8.2.pom
2022-02-19 12:12:50,308 [Worker-18] INFO  o.e.m.c.i.e.AbstractTransferListenerAdapter - Downloaded https://repo.maven.apache.org/maven2/org/codehaus/plexus/plexus-compilers/2.8.2/plexus-compilers-2.8.2.pom
2022-02-19 12:12:50,757 [Worker-18] INFO  o.e.m.c.i.e.AbstractTransferListenerAdapter - Downloading https://repo.maven.apache.org/maven2/org/codehaus/plexus/plexus-component-annotations/1.6/plexus-component-annotations-1.6.jar
2022-02-19 12:12:51,028 [Worker-18] INFO  o.e.m.c.i.e.AbstractTransferListenerAdapter - Downloaded https://repo.maven.apache.org/maven2/org/codehaus/plexus/plexus-component-annotations/1.6/plexus-component-annotations-1.6.jar
2022-02-19 12:12:51,234 [Worker-18] INFO  o.e.m.c.i.e.AbstractTransferListenerAdapter - Downloading https://repo.maven.apache.org/maven2/org/apache/maven/shared/maven-shared-utils/3.1.0/maven-shared-utils-3.1.0.jar
2022-02-19 12:12:51,738 [Worker-18] INFO  o.e.m.c.i.e.AbstractTransferListenerAdapter - Downloaded https://repo.maven.apache.org/maven2/org/apache/maven/shared/maven-shared-utils/3.1.0/maven-shared-utils-3.1.0.jar
2022-02-19 12:12:51,940 [Worker-18] INFO  o.e.m.c.i.e.AbstractTransferListenerAdapter - Downloading https://repo.maven.apache.org/maven2/org/codehaus/plexus/plexus-java/0.9.2/plexus-java-0.9.2.jar
2022-02-19 12:12:52,522 [Worker-18] INFO  o.e.m.c.i.e.AbstractTransferListenerAdapter - Downloaded https://repo.maven.apache.org/maven2/org/codehaus/plexus/plexus-java/0.9.2/plexus-java-0.9.2.jar
2022-02-19 12:12:52,729 [Worker-18] INFO  o.e.m.c.i.e.AbstractTransferListenerAdapter - Downloading https://repo.maven.apache.org/maven2/org/ow2/asm/asm/6.0_BETA/asm-6.0_BETA.jar
2022-02-19 12:12:53,001 [Worker-18] INFO  o.e.m.c.i.e.AbstractTransferListenerAdapter - Downloaded https://repo.maven.apache.org/maven2/org/ow2/asm/asm/6.0_BETA/asm-6.0_BETA.jar
2022-02-19 12:12:53,204 [Worker-18] INFO  o.e.m.c.i.e.AbstractTransferListenerAdapter - Downloading https://repo.maven.apache.org/maven2/com/thoughtworks/qdox/qdox/2.0-M7/qdox-2.0-M7.jar
2022-02-19 12:12:53,669 [Worker-18] INFO  o.e.m.c.i.e.AbstractTransferListenerAdapter - Downloaded https://repo.maven.apache.org/maven2/com/thoughtworks/qdox/qdox/2.0-M7/qdox-2.0-M7.jar
2022-02-19 12:12:53,887 [Worker-18] INFO  o.e.m.c.i.e.AbstractTransferListenerAdapter - Downloading https://repo.maven.apache.org/maven2/org/codehaus/plexus/plexus-compiler-api/2.8.2/plexus-compiler-api-2.8.2.jar
2022-02-19 12:12:54,401 [Worker-18] INFO  o.e.m.c.i.e.AbstractTransferListenerAdapter - Downloaded https://repo.maven.apache.org/maven2/org/codehaus/plexus/plexus-compiler-api/2.8.2/plexus-compiler-api-2.8.2.jar
2022-02-19 12:12:54,611 [Worker-18] INFO  o.e.m.c.i.e.AbstractTransferListenerAdapter - Downloading https://repo.maven.apache.org/maven2/org/codehaus/plexus/plexus-compiler-manager/2.8.2/plexus-compiler-manager-2.8.2.jar
2022-02-19 12:12:54,901 [Worker-18] INFO  o.e.m.c.i.e.AbstractTransferListenerAdapter - Downloaded https://repo.maven.apache.org/maven2/org/codehaus/plexus/plexus-compiler-manager/2.8.2/plexus-compiler-manager-2.8.2.jar
2022-02-19 12:12:55,114 [Worker-18] INFO  o.e.m.c.i.e.AbstractTransferListenerAdapter - Downloading https://repo.maven.apache.org/maven2/org/codehaus/plexus/plexus-compiler-javac/2.8.2/plexus-compiler-javac-2.8.2.jar
2022-02-19 12:12:55,465 [Worker-18] INFO  o.e.m.c.i.e.AbstractTransferListenerAdapter - Downloaded https://repo.maven.apache.org/maven2/org/codehaus/plexus/plexus-compiler-javac/2.8.2/plexus-compiler-javac-2.8.2.jar
2022-02-19 12:13:00,353 [Worker-18] INFO  o.e.m.c.i.l.LifecycleMappingFactory - Using org.eclipse.m2e.jdt.JarLifecycleMapping lifecycle mapping for MavenProject: org.example:APIWorkshop:1.0-SNAPSHOT @ C:\Users\m\Documents\APIWorkshop\pom.xml.
2022-02-19 12:13:01,303 [Worker-18] INFO  o.e.m.c.i.e.AbstractTransferListenerAdapter - Downloading https://repo.maven.apache.org/maven2/org/testng/testng/maven-metadata.xml
2022-02-19 12:13:01,553 [Worker-18] INFO  o.e.m.c.i.e.AbstractTransferListenerAdapter - Downloaded https://repo.maven.apache.org/maven2/org/testng/testng/maven-metadata.xml
2022-02-19 12:13:01,885 [Worker-18] INFO  o.e.m.c.i.e.AbstractTransferListenerAdapter - Downloading https://repo.maven.apache.org/maven2/org/testng/testng/7.5/testng-7.5.pom
2022-02-19 12:13:02,134 [Worker-18] INFO  o.e.m.c.i.e.AbstractTransferListenerAdapter - Downloaded https://repo.maven.apache.org/maven2/org/testng/testng/7.5/testng-7.5.pom
2022-02-19 12:13:02,459 [Worker-18] INFO  o.e.m.c.i.e.AbstractTransferListenerAdapter - Downloading https://repo.maven.apache.org/maven2/org/slf4j/slf4j-api/1.7.32/slf4j-api-1.7.32.pom
2022-02-19 12:13:02,749 [Worker-18] INFO  o.e.m.c.i.e.AbstractTransferListenerAdapter - Downloaded https://repo.maven.apache.org/maven2/org/slf4j/slf4j-api/1.7.32/slf4j-api-1.7.32.pom
2022-02-19 12:13:02,994 [Worker-18] INFO  o.e.m.c.i.e.AbstractTransferListenerAdapter - Downloading https://repo.maven.apache.org/maven2/org/slf4j/slf4j-parent/1.7.32/slf4j-parent-1.7.32.pom
2022-02-19 12:13:03,282 [Worker-18] INFO  o.e.m.c.i.e.AbstractTransferListenerAdapter - Downloaded https://repo.maven.apache.org/maven2/org/slf4j/slf4j-parent/1.7.32/slf4j-parent-1.7.32.pom
2022-02-19 12:13:03,538 [Worker-18] INFO  o.e.m.c.i.e.AbstractTransferListenerAdapter - Downloading https://repo.maven.apache.org/maven2/io/rest-assured/rest-assured/4.3.3/rest-assured-4.3.3.pom
2022-02-19 12:13:03,804 [Worker-18] INFO  o.e.m.c.i.e.AbstractTransferListenerAdapter - Downloaded https://repo.maven.apache.org/maven2/io/rest-assured/rest-assured/4.3.3/rest-assured-4.3.3.pom
2022-02-19 12:13:04,040 [Worker-18] INFO  o.e.m.c.i.e.AbstractTransferListenerAdapter - Downloading https://repo.maven.apache.org/maven2/io/rest-assured/rest-assured-parent/4.3.3/rest-assured-parent-4.3.3.pom
2022-02-19 12:13:04,338 [Worker-18] INFO  o.e.m.c.i.e.AbstractTransferListenerAdapter - Downloaded https://repo.maven.apache.org/maven2/io/rest-assured/rest-assured-parent/4.3.3/rest-assured-parent-4.3.3.pom
2022-02-19 12:13:04,578 [Worker-18] INFO  o.e.m.c.i.e.AbstractTransferListenerAdapter - Downloading https://repo.maven.apache.org/maven2/org/codehaus/groovy/groovy/3.0.7/groovy-3.0.7.pom
2022-02-19 12:13:04,887 [Worker-18] INFO  o.e.m.c.i.e.AbstractTransferListenerAdapter - Downloaded https://repo.maven.apache.org/maven2/org/codehaus/groovy/groovy/3.0.7/groovy-3.0.7.pom
2022-02-19 12:13:05,137 [Worker-18] INFO  o.e.m.c.i.e.AbstractTransferListenerAdapter - Downloading https://repo.maven.apache.org/maven2/org/codehaus/groovy/groovy-xml/3.0.7/groovy-xml-3.0.7.pom
2022-02-19 12:13:05,439 [Worker-18] INFO  o.e.m.c.i.e.AbstractTransferListenerAdapter - Downloaded https://repo.maven.apache.org/maven2/org/codehaus/groovy/groovy-xml/3.0.7/groovy-xml-3.0.7.pom
2022-02-19 12:13:06,421 [Worker-18] INFO  o.e.m.c.i.e.AbstractTransferListenerAdapter - Downloading https://repo.maven.apache.org/maven2/io/rest-assured/json-path/4.3.3/json-path-4.3.3.pom
2022-02-19 12:13:06,842 [Worker-18] INFO  o.e.m.c.i.e.AbstractTransferListenerAdapter - Downloaded https://repo.maven.apache.org/maven2/io/rest-assured/json-path/4.3.3/json-path-4.3.3.pom
2022-02-19 12:13:07,083 [Worker-18] INFO  o.e.m.c.i.e.AbstractTransferListenerAdapter - Downloading https://repo.maven.apache.org/maven2/org/codehaus/groovy/groovy-json/3.0.7/groovy-json-3.0.7.pom
2022-02-19 12:13:07,382 [Worker-18] INFO  o.e.m.c.i.e.AbstractTransferListenerAdapter - Downloaded https://repo.maven.apache.org/maven2/org/codehaus/groovy/groovy-json/3.0.7/groovy-json-3.0.7.pom
2022-02-19 12:13:07,631 [Worker-18] INFO  o.e.m.c.i.e.AbstractTransferListenerAdapter - Downloading https://repo.maven.apache.org/maven2/io/rest-assured/rest-assured-common/4.3.3/rest-assured-common-4.3.3.pom
2022-02-19 12:13:07,923 [Worker-18] INFO  o.e.m.c.i.e.AbstractTransferListenerAdapter - Downloaded https://repo.maven.apache.org/maven2/io/rest-assured/rest-assured-common/4.3.3/rest-assured-common-4.3.3.pom
2022-02-19 12:13:08,196 [Worker-18] INFO  o.e.m.c.i.e.AbstractTransferListenerAdapter - Downloading https://repo.maven.apache.org/maven2/io/rest-assured/xml-path/4.3.3/xml-path-4.3.3.pom
2022-02-19 12:13:08,464 [Worker-18] INFO  o.e.m.c.i.e.AbstractTransferListenerAdapter - Downloaded https://repo.maven.apache.org/maven2/io/rest-assured/xml-path/4.3.3/xml-path-4.3.3.pom
2022-02-19 12:13:08,999 [Worker-18] INFO  o.e.m.c.i.e.AbstractTransferListenerAdapter - Downloading https://repo.maven.apache.org/maven2/com/googlecode/json-simple/json-simple/1.1.1/json-simple-1.1.1.pom
2022-02-19 12:13:09,292 [Worker-18] INFO  o.e.m.c.i.e.AbstractTransferListenerAdapter - Downloaded https://repo.maven.apache.org/maven2/com/googlecode/json-simple/json-simple/1.1.1/json-simple-1.1.1.pom
2022-02-19 12:13:09,572 [Worker-18] INFO  o.e.m.c.i.e.AbstractTransferListenerAdapter - Downloading https://repo.maven.apache.org/maven2/junit/junit/4.10/junit-4.10.pom
2022-02-19 12:13:09,834 [Worker-18] INFO  o.e.m.c.i.e.AbstractTransferListenerAdapter - Downloaded https://repo.maven.apache.org/maven2/junit/junit/4.10/junit-4.10.pom
2022-02-19 12:13:10,107 [Worker-18] INFO  o.e.m.c.i.e.AbstractTransferListenerAdapter - Downloading https://repo.maven.apache.org/maven2/org/hamcrest/hamcrest-core/1.1/hamcrest-core-1.1.pom
2022-02-19 12:13:10,383 [Worker-18] INFO  o.e.m.c.i.e.AbstractTransferListenerAdapter - Downloaded https://repo.maven.apache.org/maven2/org/hamcrest/hamcrest-core/1.1/hamcrest-core-1.1.pom
2022-02-19 12:13:10,747 [Worker-18] INFO  o.e.m.c.i.e.AbstractTransferListenerAdapter - Downloading https://repo.maven.apache.org/maven2/io/rest-assured/json-schema-validator/3.0.0/json-schema-validator-3.0.0.pom
2022-02-19 12:13:10,995 [Worker-18] INFO  o.e.m.c.i.e.AbstractTransferListenerAdapter - Downloaded https://repo.maven.apache.org/maven2/io/rest-assured/json-schema-validator/3.0.0/json-schema-validator-3.0.0.pom
2022-02-19 12:13:11,232 [Worker-18] INFO  o.e.m.c.i.e.AbstractTransferListenerAdapter - Downloading https://repo.maven.apache.org/maven2/io/rest-assured/modules/3.0.0/modules-3.0.0.pom
2022-02-19 12:13:11,531 [Worker-18] INFO  o.e.m.c.i.e.AbstractTransferListenerAdapter - Downloaded https://repo.maven.apache.org/maven2/io/rest-assured/modules/3.0.0/modules-3.0.0.pom
2022-02-19 12:13:11,764 [Worker-18] INFO  o.e.m.c.i.e.AbstractTransferListenerAdapter - Downloading https://repo.maven.apache.org/maven2/io/rest-assured/rest-assured-parent/3.0.0/rest-assured-parent-3.0.0.pom
2022-02-19 12:13:12,116 [Worker-18] INFO  o.e.m.c.i.e.AbstractTransferListenerAdapter - Downloaded https://repo.maven.apache.org/maven2/io/rest-assured/rest-assured-parent/3.0.0/rest-assured-parent-3.0.0.pom
2022-02-19 12:13:12,369 [Worker-18] INFO  o.e.m.c.i.e.AbstractTransferListenerAdapter - Downloading https://repo.maven.apache.org/maven2/com/github/fge/json-schema-validator/2.2.6/json-schema-validator-2.2.6.pom
2022-02-19 12:13:12,622 [Worker-18] INFO  o.e.m.c.i.e.AbstractTransferListenerAdapter - Downloaded https://repo.maven.apache.org/maven2/com/github/fge/json-schema-validator/2.2.6/json-schema-validator-2.2.6.pom
2022-02-19 12:13:12,868 [Worker-18] INFO  o.e.m.c.i.e.AbstractTransferListenerAdapter - Downloading https://repo.maven.apache.org/maven2/com/google/code/findbugs/jsr305/3.0.0/jsr305-3.0.0.pom
2022-02-19 12:13:13,177 [Worker-18] INFO  o.e.m.c.i.e.AbstractTransferListenerAdapter - Downloaded https://repo.maven.apache.org/maven2/com/google/code/findbugs/jsr305/3.0.0/jsr305-3.0.0.pom
2022-02-19 12:13:13,458 [Worker-18] INFO  o.e.m.c.i.e.AbstractTransferListenerAdapter - Downloading https://repo.maven.apache.org/maven2/joda-time/joda-time/2.3/joda-time-2.3.pom
2022-02-19 12:13:13,758 [Worker-18] INFO  o.e.m.c.i.e.AbstractTransferListenerAdapter - Downloaded https://repo.maven.apache.org/maven2/joda-time/joda-time/2.3/joda-time-2.3.pom
2022-02-19 12:13:14,001 [Worker-18] INFO  o.e.m.c.i.e.AbstractTransferListenerAdapter - Downloading https://repo.maven.apache.org/maven2/com/googlecode/libphonenumber/libphonenumber/6.2/libphonenumber-6.2.pom
2022-02-19 12:13:14,257 [Worker-18] INFO  o.e.m.c.i.e.AbstractTransferListenerAdapter - Downloaded https://repo.maven.apache.org/maven2/com/googlecode/libphonenumber/libphonenumber/6.2/libphonenumber-6.2.pom
2022-02-19 12:13:14,494 [Worker-18] INFO  o.e.m.c.i.e.AbstractTransferListenerAdapter - Downloading https://repo.maven.apache.org/maven2/com/googlecode/libphonenumber/libphonenumber-parent/6.2/libphonenumber-parent-6.2.pom
2022-02-19 12:13:14,814 [Worker-18] INFO  o.e.m.c.i.e.AbstractTransferListenerAdapter - Downloaded https://repo.maven.apache.org/maven2/com/googlecode/libphonenumber/libphonenumber-parent/6.2/libphonenumber-parent-6.2.pom
2022-02-19 12:13:15,058 [Worker-18] INFO  o.e.m.c.i.e.AbstractTransferListenerAdapter - Downloading https://repo.maven.apache.org/maven2/com/github/fge/json-schema-core/1.2.5/json-schema-core-1.2.5.pom
2022-02-19 12:13:15,321 [Worker-18] INFO  o.e.m.c.i.e.AbstractTransferListenerAdapter - Downloaded https://repo.maven.apache.org/maven2/com/github/fge/json-schema-core/1.2.5/json-schema-core-1.2.5.pom
2022-02-19 12:13:15,970 [Worker-18] INFO  o.e.m.c.i.e.AbstractTransferListenerAdapter - Downloading https://repo.maven.apache.org/maven2/com/github/fge/jackson-coreutils/1.8/jackson-coreutils-1.8.pom
2022-02-19 12:13:16,228 [Worker-18] INFO  o.e.m.c.i.e.AbstractTransferListenerAdapter - Downloaded https://repo.maven.apache.org/maven2/com/github/fge/jackson-coreutils/1.8/jackson-coreutils-1.8.pom
2022-02-19 12:13:16,777 [Worker-18] INFO  o.e.m.c.i.e.AbstractTransferListenerAdapter - Downloading https://repo.maven.apache.org/maven2/org/mozilla/rhino/1.7R4/rhino-1.7R4.pom
2022-02-19 12:13:17,125 [Worker-18] INFO  o.e.m.c.i.e.AbstractTransferListenerAdapter - Downloaded https://repo.maven.apache.org/maven2/org/mozilla/rhino/1.7R4/rhino-1.7R4.pom
2022-02-19 12:13:18,051 [Worker-18] INFO  o.e.m.c.i.e.AbstractTransferListenerAdapter - Downloading https://repo.maven.apache.org/maven2/net/sf/jopt-simple/jopt-simple/4.6/jopt-simple-4.6.pom
2022-02-19 12:13:18,488 [Worker-18] INFO  o.e.m.c.i.e.AbstractTransferListenerAdapter - Downloaded https://repo.maven.apache.org/maven2/net/sf/jopt-simple/jopt-simple/4.6/jopt-simple-4.6.pom
2022-02-19 12:13:19,161 [Worker-18] INFO  o.e.m.c.i.e.AbstractTransferListenerAdapter - Downloading https://repo.maven.apache.org/maven2/org/testng/testng/7.5/testng-7.5.jar
2022-02-19 12:13:20,436 [Worker-18] INFO  o.e.m.c.i.e.AbstractTransferListenerAdapter - Downloaded https://repo.maven.apache.org/maven2/org/testng/testng/7.5/testng-7.5.jar
2022-02-19 12:13:20,655 [Worker-18] INFO  o.e.m.c.i.e.AbstractTransferListenerAdapter - Downloading https://repo.maven.apache.org/maven2/org/slf4j/slf4j-api/1.7.32/slf4j-api-1.7.32.jar
2022-02-19 12:13:21,266 [Worker-18] INFO  o.e.m.c.i.e.AbstractTransferListenerAdapter - Downloaded https://repo.maven.apache.org/maven2/org/slf4j/slf4j-api/1.7.32/slf4j-api-1.7.32.jar
2022-02-19 12:13:21,485 [Worker-18] INFO  o.e.m.c.i.e.AbstractTransferListenerAdapter - Downloading https://repo.maven.apache.org/maven2/io/rest-assured/rest-assured/4.3.3/rest-assured-4.3.3.jar
2022-02-19 12:13:21,819 [Worker-18] INFO  o.e.m.c.i.e.AbstractTransferListenerAdapter - Downloaded https://repo.maven.apache.org/maven2/io/rest-assured/rest-assured/4.3.3/rest-assured-4.3.3.jar
2022-02-19 12:13:22,041 [Worker-18] INFO  o.e.m.c.i.e.AbstractTransferListenerAdapter - Downloading https://repo.maven.apache.org/maven2/org/codehaus/groovy/groovy/3.0.7/groovy-3.0.7.jar
2022-02-19 12:13:23,635 [Worker-18] INFO  o.e.m.c.i.e.AbstractTransferListenerAdapter - Downloaded https://repo.maven.apache.org/maven2/org/codehaus/groovy/groovy/3.0.7/groovy-3.0.7.jar
2022-02-19 12:13:23,860 [Worker-18] INFO  o.e.m.c.i.e.AbstractTransferListenerAdapter - Downloading https://repo.maven.apache.org/maven2/org/codehaus/groovy/groovy-xml/3.0.7/groovy-xml-3.0.7.jar
2022-02-19 12:13:24,233 [Worker-18] INFO  o.e.m.c.i.e.AbstractTransferListenerAdapter - Downloaded https://repo.maven.apache.org/maven2/org/codehaus/groovy/groovy-xml/3.0.7/groovy-xml-3.0.7.jar
2022-02-19 12:13:24,453 [Worker-18] INFO  o.e.m.c.i.e.AbstractTransferListenerAdapter - Downloading https://repo.maven.apache.org/maven2/io/rest-assured/json-path/4.3.3/json-path-4.3.3.jar
2022-02-19 12:13:24,736 [Worker-18] INFO  o.e.m.c.i.e.AbstractTransferListenerAdapter - Downloaded https://repo.maven.apache.org/maven2/io/rest-assured/json-path/4.3.3/json-path-4.3.3.jar
2022-02-19 12:13:24,957 [Worker-18] INFO  o.e.m.c.i.e.AbstractTransferListenerAdapter - Downloading https://repo.maven.apache.org/maven2/org/codehaus/groovy/groovy-json/3.0.7/groovy-json-3.0.7.jar
2022-02-19 12:13:25,328 [Worker-18] INFO  o.e.m.c.i.e.AbstractTransferListenerAdapter - Downloaded https://repo.maven.apache.org/maven2/org/codehaus/groovy/groovy-json/3.0.7/groovy-json-3.0.7.jar
2022-02-19 12:13:25,547 [Worker-18] INFO  o.e.m.c.i.e.AbstractTransferListenerAdapter - Downloading https://repo.maven.apache.org/maven2/io/rest-assured/rest-assured-common/4.3.3/rest-assured-common-4.3.3.jar
2022-02-19 12:13:26,145 [Worker-18] INFO  o.e.m.c.i.e.AbstractTransferListenerAdapter - Downloaded https://repo.maven.apache.org/maven2/io/rest-assured/rest-assured-common/4.3.3/rest-assured-common-4.3.3.jar
2022-02-19 12:13:26,367 [Worker-18] INFO  o.e.m.c.i.e.AbstractTransferListenerAdapter - Downloading https://repo.maven.apache.org/maven2/io/rest-assured/xml-path/4.3.3/xml-path-4.3.3.jar
2022-02-19 12:13:26,701 [Worker-18] INFO  o.e.m.c.i.e.AbstractTransferListenerAdapter - Downloaded https://repo.maven.apache.org/maven2/io/rest-assured/xml-path/4.3.3/xml-path-4.3.3.jar
2022-02-19 12:13:26,922 [Worker-18] INFO  o.e.m.c.i.e.AbstractTransferListenerAdapter - Downloading https://repo.maven.apache.org/maven2/com/googlecode/json-simple/json-simple/1.1.1/json-simple-1.1.1.jar
2022-02-19 12:13:27,483 [Worker-18] INFO  o.e.m.c.i.e.AbstractTransferListenerAdapter - Downloaded https://repo.maven.apache.org/maven2/com/googlecode/json-simple/json-simple/1.1.1/json-simple-1.1.1.jar
2022-02-19 12:13:27,704 [Worker-18] INFO  o.e.m.c.i.e.AbstractTransferListenerAdapter - Downloading https://repo.maven.apache.org/maven2/junit/junit/4.10/junit-4.10.jar
2022-02-19 12:13:28,138 [Worker-18] INFO  o.e.m.c.i.e.AbstractTransferListenerAdapter - Downloaded https://repo.maven.apache.org/maven2/junit/junit/4.10/junit-4.10.jar
2022-02-19 12:13:28,357 [Worker-18] INFO  o.e.m.c.i.e.AbstractTransferListenerAdapter - Downloading https://repo.maven.apache.org/maven2/io/rest-assured/json-schema-validator/3.0.0/json-schema-validator-3.0.0.jar
2022-02-19 12:13:28,821 [Worker-18] INFO  o.e.m.c.i.e.AbstractTransferListenerAdapter - Downloaded https://repo.maven.apache.org/maven2/io/rest-assured/json-schema-validator/3.0.0/json-schema-validator-3.0.0.jar
2022-02-19 12:13:29,039 [Worker-18] INFO  o.e.m.c.i.e.AbstractTransferListenerAdapter - Downloading https://repo.maven.apache.org/maven2/com/github/fge/json-schema-validator/2.2.6/json-schema-validator-2.2.6.jar
2022-02-19 12:13:29,404 [Worker-18] INFO  o.e.m.c.i.e.AbstractTransferListenerAdapter - Downloaded https://repo.maven.apache.org/maven2/com/github/fge/json-schema-validator/2.2.6/json-schema-validator-2.2.6.jar
2022-02-19 12:13:29,635 [Worker-18] INFO  o.e.m.c.i.e.AbstractTransferListenerAdapter - Downloading https://repo.maven.apache.org/maven2/joda-time/joda-time/2.3/joda-time-2.3.jar
2022-02-19 12:13:30,049 [Worker-18] INFO  o.e.m.c.i.e.AbstractTransferListenerAdapter - Downloaded https://repo.maven.apache.org/maven2/joda-time/joda-time/2.3/joda-time-2.3.jar
2022-02-19 12:13:30,279 [Worker-18] INFO  o.e.m.c.i.e.AbstractTransferListenerAdapter - Downloading https://repo.maven.apache.org/maven2/com/googlecode/libphonenumber/libphonenumber/6.2/libphonenumber-6.2.jar
2022-02-19 12:13:30,614 [Worker-18] INFO  o.e.m.c.i.e.AbstractTransferListenerAdapter - Downloaded https://repo.maven.apache.org/maven2/com/googlecode/libphonenumber/libphonenumber/6.2/libphonenumber-6.2.jar
2022-02-19 12:13:30,841 [Worker-18] INFO  o.e.m.c.i.e.AbstractTransferListenerAdapter - Downloading https://repo.maven.apache.org/maven2/com/github/fge/json-schema-core/1.2.5/json-schema-core-1.2.5.jar
2022-02-19 12:13:31,112 [Worker-18] INFO  o.e.m.c.i.e.AbstractTransferListenerAdapter - Downloaded https://repo.maven.apache.org/maven2/com/github/fge/json-schema-core/1.2.5/json-schema-core-1.2.5.jar
2022-02-19 12:13:31,332 [Worker-18] INFO  o.e.m.c.i.e.AbstractTransferListenerAdapter - Downloading https://repo.maven.apache.org/maven2/com/github/fge/jackson-coreutils/1.8/jackson-coreutils-1.8.jar
2022-02-19 12:13:31,866 [Worker-18] INFO  o.e.m.c.i.e.AbstractTransferListenerAdapter - Downloaded https://repo.maven.apache.org/maven2/com/github/fge/jackson-coreutils/1.8/jackson-coreutils-1.8.jar
2022-02-19 12:13:32,089 [Worker-18] INFO  o.e.m.c.i.e.AbstractTransferListenerAdapter - Downloading https://repo.maven.apache.org/maven2/org/mozilla/rhino/1.7R4/rhino-1.7R4.jar
2022-02-19 12:13:32,669 [Worker-18] INFO  o.e.m.c.i.e.AbstractTransferListenerAdapter - Downloaded https://repo.maven.apache.org/maven2/org/mozilla/rhino/1.7R4/rhino-1.7R4.jar
2022-02-19 12:13:32,892 [Worker-18] INFO  o.e.m.c.i.e.AbstractTransferListenerAdapter - Downloading https://repo.maven.apache.org/maven2/javax/activation/activation/1.1/activation-1.1.jar
2022-02-19 12:13:33,270 [Worker-18] INFO  o.e.m.c.i.e.AbstractTransferListenerAdapter - Downloaded https://repo.maven.apache.org/maven2/javax/activation/activation/1.1/activation-1.1.jar
2022-02-19 12:13:33,496 [Worker-18] INFO  o.e.m.c.i.e.AbstractTransferListenerAdapter - Downloading https://repo.maven.apache.org/maven2/net/sf/jopt-simple/jopt-simple/4.6/jopt-simple-4.6.jar
2022-02-19 12:13:33,863 [Worker-18] INFO  o.e.m.c.i.e.AbstractTransferListenerAdapter - Downloaded https://repo.maven.apache.org/maven2/net/sf/jopt-simple/jopt-simple/4.6/jopt-simple-4.6.jar
2022-02-19 12:13:41,680 [Worker-18] INFO  o.e.m.c.i.e.AbstractTransferListenerAdapter - Downloading https://repo.maven.apache.org/maven2/org/apache/maven/plugins/maven-surefire-plugin/2.14.1/maven-surefire-plugin-2.14.1.pom
2022-02-19 12:13:41,922 [Worker-18] INFO  o.e.m.c.i.e.AbstractTransferListenerAdapter - Downloaded https://repo.maven.apache.org/maven2/org/apache/maven/plugins/maven-surefire-plugin/2.14.1/maven-surefire-plugin-2.14.1.pom
2022-02-19 12:13:42,176 [Worker-18] INFO  o.e.m.c.i.e.AbstractTransferListenerAdapter - Downloading https://repo.maven.apache.org/maven2/org/apache/maven/surefire/surefire/2.14.1/surefire-2.14.1.pom
2022-02-19 12:13:42,445 [Worker-18] INFO  o.e.m.c.i.e.AbstractTransferListenerAdapter - Downloaded https://repo.maven.apache.org/maven2/org/apache/maven/surefire/surefire/2.14.1/surefire-2.14.1.pom
2022-02-19 12:13:48,503 [Worker-18] INFO  o.e.m.j.i.AbstractJavaProjectConfigurator - Adding source folder /APIWorkshop/src/main/java
2022-02-19 12:13:48,507 [Worker-18] INFO  o.e.m.j.i.AbstractJavaProjectConfigurator - Adding source folder /APIWorkshop/src/test/java
2022-02-19 12:13:53,476 [Worker-18] INFO  o.e.m.c.i.p.ProjectConfigurationManager - Imported and configured 1 project(s) in 87 sec
2022-02-19 12:14:02,726 [Worker-14] WARN  o.e.m.c.i.embedder.EclipseLogger - Using platform encoding (Cp1252 actually) to copy filtered resources, i.e. build is platform dependent!
2022-02-19 12:14:02,747 [Worker-14] INFO  o.e.m.c.i.embedder.EclipseLogger - skip non existing resourceDirectory C:\Users\m\Documents\APIWorkshop\src\main\resources
2022-02-19 12:14:02,762 [Worker-14] WARN  o.e.m.c.i.embedder.EclipseLogger - Using platform encoding (Cp1252 actually) to copy filtered resources, i.e. build is platform dependent!
2022-02-19 12:14:02,809 [Worker-14] INFO  o.e.m.c.i.embedder.EclipseLogger - skip non existing resourceDirectory C:\Users\m\Documents\APIWorkshop\src\test\resources
2022-02-19 12:17:02,344 [main] INFO  o.e.m2e.actions.ExecutePomAction - Creating new launch configuration
2022-02-19 12:17:16,694 [Worker-17] INFO  o.e.m.i.launch.MavenLaunchDelegate - C:\Users\m\Documents\APIWorkshop
2022-02-19 12:17:16,695 [Worker-17] INFO  o.e.m.i.launch.MavenLaunchDelegate -  mvn -B eclipse:eclipse
2022-02-19 12:19:15,629 [Worker-18] INFO  o.e.m.i.launch.MavenLaunchDelegate - C:\Users\m\Documents\APIWorkshop
2022-02-19 12:19:15,629 [Worker-18] INFO  o.e.m.i.launch.MavenLaunchDelegate -  mvn -B install
2022-02-19 12:21:07,872 [Worker-9] WARN  o.e.m.c.i.embedder.EclipseLogger - Using platform encoding (Cp1252 actually) to copy filtered resources, i.e. build is platform dependent!
2022-02-19 12:21:07,889 [Worker-9] INFO  o.e.m.c.i.embedder.EclipseLogger - skip non existing resourceDirectory C:\Users\m\Documents\APIWorkshop\src\main\resources
2022-02-19 12:21:07,903 [Worker-9] WARN  o.e.m.c.i.embedder.EclipseLogger - Using platform encoding (Cp1252 actually) to copy filtered resources, i.e. build is platform dependent!
2022-02-19 12:21:07,906 [Worker-9] INFO  o.e.m.c.i.embedder.EclipseLogger - skip non existing resourceDirectory C:\Users\m\Documents\APIWorkshop\src\test\resources
2022-02-19 12:23:14,835 [Worker-13] WARN  o.e.r.models.ModelRepository - Failed to download org.eclipse.recommenders:index::zip:0.0.0
org.eclipse.aether.resolution.ArtifactResolutionException: Could not find artifact org.eclipse.recommenders:index:zip:0.0.0-SNAPSHOT in models (http://download.eclipse.org/recommenders/models/neon/)
	at org.eclipse.aether.internal.impl.DefaultArtifactResolver.resolve(DefaultArtifactResolver.java:444) ~[na:na]
	at org.eclipse.aether.internal.impl.DefaultArtifactResolver.resolveArtifacts(DefaultArtifactResolver.java:246) ~[na:na]
	at org.eclipse.aether.internal.impl.DefaultArtifactResolver.resolveArtifact(DefaultArtifactResolver.java:223) ~[na:na]
	at org.eclipse.aether.internal.impl.DefaultRepositorySystem.resolveArtifact(DefaultRepositorySystem.java:294) ~[na:na]
	at org.eclipse.recommenders.models.ModelRepository.resolveInternal(ModelRepository.java:193) [org.eclipse.recommenders.models_2.4.6.v20170307-1041.jar:na]
	at org.eclipse.recommenders.models.ModelRepository.resolve(ModelRepository.java:172) [org.eclipse.recommenders.models_2.4.6.v20170307-1041.jar:na]
	at org.eclipse.recommenders.internal.models.rcp.EclipseModelRepository.resolve(EclipseModelRepository.java:169) [org.eclipse.recommenders.models.rcp_2.4.6.v20170307-1041.jar:na]
	at org.eclipse.recommenders.internal.models.rcp.DownloadModelArchiveJob.run(DownloadModelArchiveJob.java:76) [org.eclipse.recommenders.models.rcp_2.4.6.v20170307-1041.jar:na]
	at org.eclipse.core.internal.jobs.Worker.run(Worker.java:55) [org.eclipse.core.jobs_3.8.0.v20160509-0411.jar:na]
Caused by: org.eclipse.aether.transfer.ArtifactNotFoundException: Could not find artifact org.eclipse.recommenders:index:zip:0.0.0-SNAPSHOT in models (http://download.eclipse.org/recommenders/models/neon/)
	at org.eclipse.aether.connector.basic.ArtifactTransportListener.transferFailed(ArtifactTransportListener.java:39) ~[org.eclipse.aether.connector.basic_1.0.1.v20141111.jar:na]
	at org.eclipse.aether.connector.basic.BasicRepositoryConnector$TaskRunner.run(BasicRepositoryConnector.java:355) ~[org.eclipse.aether.connector.basic_1.0.1.v20141111.jar:na]
	at org.eclipse.aether.util.concurrency.RunnableErrorForwarder$1.run(RunnableErrorForwarder.java:67) ~[na:na]
	at org.eclipse.aether.connector.basic.BasicRepositoryConnector$DirectExecutor.execute(BasicRepositoryConnector.java:581) ~[org.eclipse.aether.connector.basic_1.0.1.v20141111.jar:na]
	at org.eclipse.aether.connector.basic.BasicRepositoryConnector.get(BasicRepositoryConnector.java:249) ~[org.eclipse.aether.connector.basic_1.0.1.v20141111.jar:na]
	at org.eclipse.aether.internal.impl.DefaultArtifactResolver.performDownloads(DefaultArtifactResolver.java:520) ~[na:na]
	at org.eclipse.aether.internal.impl.DefaultArtifactResolver.resolve(DefaultArtifactResolver.java:421) ~[na:na]
	... 8 common frames omitted
2022-02-19 12:23:53,606 [Worker-9] WARN  o.e.m.c.i.embedder.EclipseLogger - Using platform encoding (Cp1252 actually) to copy filtered resources, i.e. build is platform dependent!
2022-02-19 12:23:53,611 [Worker-9] INFO  o.e.m.c.i.embedder.EclipseLogger - skip non existing resourceDirectory C:\Users\m\Documents\APIWorkshop\src\main\resources
2022-02-19 12:23:53,613 [Worker-9] WARN  o.e.m.c.i.embedder.EclipseLogger - Using platform encoding (Cp1252 actually) to copy filtered resources, i.e. build is platform dependent!
2022-02-19 12:23:53,616 [Worker-9] INFO  o.e.m.c.i.embedder.EclipseLogger - skip non existing resourceDirectory C:\Users\m\Documents\APIWorkshop\src\test\resources
2022-02-19 12:28:40,740 [Worker-9] WARN  o.e.m.c.i.embedder.EclipseLogger - Using platform encoding (Cp1252 actually) to copy filtered resources, i.e. build is platform dependent!
2022-02-19 12:28:40,756 [Worker-9] INFO  o.e.m.c.i.embedder.EclipseLogger - skip non existing resourceDirectory C:\Users\m\Documents\APIWorkshop\src\main\resources
2022-02-19 12:28:40,759 [Worker-9] WARN  o.e.m.c.i.embedder.EclipseLogger - Using platform encoding (Cp1252 actually) to copy filtered resources, i.e. build is platform dependent!
2022-02-19 12:28:40,761 [Worker-9] INFO  o.e.m.c.i.embedder.EclipseLogger - skip non existing resourceDirectory C:\Users\m\Documents\APIWorkshop\src\test\resources
2022-02-19 12:32:56,587 [Worker-13] WARN  o.e.m.c.i.embedder.EclipseLogger - Using platform encoding (Cp1252 actually) to copy filtered resources, i.e. build is platform dependent!
2022-02-19 12:32:56,589 [Worker-13] INFO  o.e.m.c.i.embedder.EclipseLogger - skip non existing resourceDirectory C:\Users\m\Documents\APIWorkshop\src\main\resources
2022-02-19 12:32:56,592 [Worker-13] WARN  o.e.m.c.i.embedder.EclipseLogger - Using platform encoding (Cp1252 actually) to copy filtered resources, i.e. build is platform dependent!
2022-02-19 12:32:56,597 [Worker-13] INFO  o.e.m.c.i.embedder.EclipseLogger - skip non existing resourceDirectory C:\Users\m\Documents\APIWorkshop\src\test\resources
2022-02-19 12:33:14,158 [Worker-13] WARN  o.e.m.c.i.embedder.EclipseLogger - Using platform encoding (Cp1252 actually) to copy filtered resources, i.e. build is platform dependent!
2022-02-19 12:33:14,161 [Worker-13] INFO  o.e.m.c.i.embedder.EclipseLogger - skip non existing resourceDirectory C:\Users\m\Documents\APIWorkshop\src\main\resources
2022-02-19 12:33:14,166 [Worker-13] WARN  o.e.m.c.i.embedder.EclipseLogger - Using platform encoding (Cp1252 actually) to copy filtered resources, i.e. build is platform dependent!
2022-02-19 12:33:14,168 [Worker-13] INFO  o.e.m.c.i.embedder.EclipseLogger - skip non existing resourceDirectory C:\Users\m\Documents\APIWorkshop\src\test\resources
2022-02-19 12:33:53,741 [Worker-20] WARN  o.e.m.c.i.embedder.EclipseLogger - Using platform encoding (Cp1252 actually) to copy filtered resources, i.e. build is platform dependent!
2022-02-19 12:33:53,746 [Worker-20] INFO  o.e.m.c.i.embedder.EclipseLogger - skip non existing resourceDirectory C:\Users\m\Documents\APIWorkshop\src\main\resources
2022-02-19 12:33:53,750 [Worker-20] WARN  o.e.m.c.i.embedder.EclipseLogger - Using platform encoding (Cp1252 actually) to copy filtered resources, i.e. build is platform dependent!
2022-02-19 12:33:53,752 [Worker-20] INFO  o.e.m.c.i.embedder.EclipseLogger - skip non existing resourceDirectory C:\Users\m\Documents\APIWorkshop\src\test\resources
2022-02-19 12:35:25,228 [Worker-19] WARN  o.e.m.c.i.embedder.EclipseLogger - Using platform encoding (Cp1252 actually) to copy filtered resources, i.e. build is platform dependent!
2022-02-19 12:35:25,240 [Worker-19] INFO  o.e.m.c.i.embedder.EclipseLogger - skip non existing resourceDirectory C:\Users\m\Documents\APIWorkshop\src\main\resources
2022-02-19 12:35:25,248 [Worker-19] WARN  o.e.m.c.i.embedder.EclipseLogger - Using platform encoding (Cp1252 actually) to copy filtered resources, i.e. build is platform dependent!
2022-02-19 12:35:25,252 [Worker-19] INFO  o.e.m.c.i.embedder.EclipseLogger - skip non existing resourceDirectory C:\Users\m\Documents\APIWorkshop\src\test\resources
2022-02-19 12:38:22,706 [Worker-13] WARN  o.e.m.c.i.embedder.EclipseLogger - Using platform encoding (Cp1252 actually) to copy filtered resources, i.e. build is platform dependent!
2022-02-19 12:38:22,709 [Worker-13] INFO  o.e.m.c.i.embedder.EclipseLogger - skip non existing resourceDirectory C:\Users\m\Documents\APIWorkshop\src\main\resources
2022-02-19 12:38:22,714 [Worker-13] WARN  o.e.m.c.i.embedder.EclipseLogger - Using platform encoding (Cp1252 actually) to copy filtered resources, i.e. build is platform dependent!
2022-02-19 12:38:22,716 [Worker-13] INFO  o.e.m.c.i.embedder.EclipseLogger - skip non existing resourceDirectory C:\Users\m\Documents\APIWorkshop\src\test\resources
2022-02-19 12:39:44,696 [Worker-20] WARN  o.e.m.c.i.embedder.EclipseLogger - Using platform encoding (Cp1252 actually) to copy filtered resources, i.e. build is platform dependent!
2022-02-19 12:39:44,699 [Worker-20] INFO  o.e.m.c.i.embedder.EclipseLogger - skip non existing resourceDirectory C:\Users\m\Documents\APIWorkshop\src\main\resources
2022-02-19 12:39:44,701 [Worker-20] WARN  o.e.m.c.i.embedder.EclipseLogger - Using platform encoding (Cp1252 actually) to copy filtered resources, i.e. build is platform dependent!
2022-02-19 12:39:44,707 [Worker-20] INFO  o.e.m.c.i.embedder.EclipseLogger - skip non existing resourceDirectory C:\Users\m\Documents\APIWorkshop\src\test\resources
2022-02-19 12:47:41,220 [Worker-22] WARN  o.e.m.c.i.embedder.EclipseLogger - Using platform encoding (Cp1252 actually) to copy filtered resources, i.e. build is platform dependent!
2022-02-19 12:47:41,222 [Worker-22] INFO  o.e.m.c.i.embedder.EclipseLogger - skip non existing resourceDirectory C:\Users\m\Documents\APIWorkshop\src\main\resources
2022-02-19 12:47:41,226 [Worker-22] WARN  o.e.m.c.i.embedder.EclipseLogger - Using platform encoding (Cp1252 actually) to copy filtered resources, i.e. build is platform dependent!
2022-02-19 12:47:41,228 [Worker-22] INFO  o.e.m.c.i.embedder.EclipseLogger - skip non existing resourceDirectory C:\Users\m\Documents\APIWorkshop\src\test\resources
2022-02-19 12:49:19,194 [Worker-20] WARN  o.e.m.c.i.embedder.EclipseLogger - Using platform encoding (Cp1252 actually) to copy filtered resources, i.e. build is platform dependent!
2022-02-19 12:49:19,197 [Worker-20] INFO  o.e.m.c.i.embedder.EclipseLogger - skip non existing resourceDirectory C:\Users\m\Documents\APIWorkshop\src\main\resources
2022-02-19 12:49:19,216 [Worker-20] WARN  o.e.m.c.i.embedder.EclipseLogger - Using platform encoding (Cp1252 actually) to copy filtered resources, i.e. build is platform dependent!
2022-02-19 12:49:19,218 [Worker-20] INFO  o.e.m.c.i.embedder.EclipseLogger - skip non existing resourceDirectory C:\Users\m\Documents\APIWorkshop\src\test\resources
2022-02-19 12:51:09,063 [Worker-19] WARN  o.e.m.c.i.embedder.EclipseLogger - Using platform encoding (Cp1252 actually) to copy filtered resources, i.e. build is platform dependent!
2022-02-19 12:51:09,069 [Worker-19] INFO  o.e.m.c.i.embedder.EclipseLogger - skip non existing resourceDirectory C:\Users\m\Documents\APIWorkshop\src\main\resources
2022-02-19 12:51:09,088 [Worker-19] WARN  o.e.m.c.i.embedder.EclipseLogger - Using platform encoding (Cp1252 actually) to copy filtered resources, i.e. build is platform dependent!
2022-02-19 12:51:09,090 [Worker-19] INFO  o.e.m.c.i.embedder.EclipseLogger - skip non existing resourceDirectory C:\Users\m\Documents\APIWorkshop\src\test\resources
2022-02-19 12:51:35,936 [Worker-20] WARN  o.e.m.c.i.embedder.EclipseLogger - Using platform encoding (Cp1252 actually) to copy filtered resources, i.e. build is platform dependent!
2022-02-19 12:51:35,939 [Worker-20] INFO  o.e.m.c.i.embedder.EclipseLogger - skip non existing resourceDirectory C:\Users\m\Documents\APIWorkshop\src\main\resources
2022-02-19 12:51:35,947 [Worker-20] WARN  o.e.m.c.i.embedder.EclipseLogger - Using platform encoding (Cp1252 actually) to copy filtered resources, i.e. build is platform dependent!
2022-02-19 12:51:35,952 [Worker-20] INFO  o.e.m.c.i.embedder.EclipseLogger - skip non existing resourceDirectory C:\Users\m\Documents\APIWorkshop\src\test\resources
2022-02-19 12:54:18,958 [Worker-13] WARN  o.e.m.c.i.embedder.EclipseLogger - Using platform encoding (Cp1252 actually) to copy filtered resources, i.e. build is platform dependent!
2022-02-19 12:54:18,960 [Worker-13] INFO  o.e.m.c.i.embedder.EclipseLogger - skip non existing resourceDirectory C:\Users\m\Documents\APIWorkshop\src\main\resources
2022-02-19 12:54:18,963 [Worker-13] WARN  o.e.m.c.i.embedder.EclipseLogger - Using platform encoding (Cp1252 actually) to copy filtered resources, i.e. build is platform dependent!
2022-02-19 12:54:18,969 [Worker-13] INFO  o.e.m.c.i.embedder.EclipseLogger - skip non existing resourceDirectory C:\Users\m\Documents\APIWorkshop\src\test\resources
2022-02-19 12:56:48,832 [Worker-19] WARN  o.e.m.c.i.embedder.EclipseLogger - Using platform encoding (Cp1252 actually) to copy filtered resources, i.e. build is platform dependent!
2022-02-19 12:56:48,834 [Worker-19] INFO  o.e.m.c.i.embedder.EclipseLogger - skip non existing resourceDirectory C:\Users\m\Documents\APIWorkshop\src\main\resources
2022-02-19 12:56:48,841 [Worker-19] WARN  o.e.m.c.i.embedder.EclipseLogger - Using platform encoding (Cp1252 actually) to copy filtered resources, i.e. build is platform dependent!
2022-02-19 12:56:48,847 [Worker-19] INFO  o.e.m.c.i.embedder.EclipseLogger - skip non existing resourceDirectory C:\Users\m\Documents\APIWorkshop\src\test\resources
2022-02-19 12:58:00,652 [Worker-9] WARN  o.e.m.c.i.embedder.EclipseLogger - Using platform encoding (Cp1252 actually) to copy filtered resources, i.e. build is platform dependent!
2022-02-19 12:58:00,657 [Worker-9] INFO  o.e.m.c.i.embedder.EclipseLogger - skip non existing resourceDirectory C:\Users\m\Documents\APIWorkshop\src\main\resources
2022-02-19 12:58:00,661 [Worker-9] WARN  o.e.m.c.i.embedder.EclipseLogger - Using platform encoding (Cp1252 actually) to copy filtered resources, i.e. build is platform dependent!
2022-02-19 12:58:00,663 [Worker-9] INFO  o.e.m.c.i.embedder.EclipseLogger - skip non existing resourceDirectory C:\Users\m\Documents\APIWorkshop\src\test\resources
2022-02-19 12:58:46,826 [Worker-13] WARN  o.e.m.c.i.embedder.EclipseLogger - Using platform encoding (Cp1252 actually) to copy filtered resources, i.e. build is platform dependent!
2022-02-19 12:58:46,829 [Worker-13] INFO  o.e.m.c.i.embedder.EclipseLogger - skip non existing resourceDirectory C:\Users\m\Documents\APIWorkshop\src\main\resources
2022-02-19 12:58:46,833 [Worker-13] WARN  o.e.m.c.i.embedder.EclipseLogger - Using platform encoding (Cp1252 actually) to copy filtered resources, i.e. build is platform dependent!
2022-02-19 12:58:46,867 [Worker-13] INFO  o.e.m.c.i.embedder.EclipseLogger - skip non existing resourceDirectory C:\Users\m\Documents\APIWorkshop\src\test\resources
2022-02-19 12:59:09,445 [Worker-20] WARN  o.e.m.c.i.embedder.EclipseLogger - Using platform encoding (Cp1252 actually) to copy filtered resources, i.e. build is platform dependent!
2022-02-19 12:59:09,449 [Worker-20] INFO  o.e.m.c.i.embedder.EclipseLogger - skip non existing resourceDirectory C:\Users\m\Documents\APIWorkshop\src\main\resources
2022-02-19 12:59:09,452 [Worker-20] WARN  o.e.m.c.i.embedder.EclipseLogger - Using platform encoding (Cp1252 actually) to copy filtered resources, i.e. build is platform dependent!
2022-02-19 12:59:09,458 [Worker-20] INFO  o.e.m.c.i.embedder.EclipseLogger - skip non existing resourceDirectory C:\Users\m\Documents\APIWorkshop\src\test\resources
2022-02-19 12:59:27,549 [Worker-9] WARN  o.e.m.c.i.embedder.EclipseLogger - Using platform encoding (Cp1252 actually) to copy filtered resources, i.e. build is platform dependent!
2022-02-19 12:59:27,550 [Worker-9] INFO  o.e.m.c.i.embedder.EclipseLogger - skip non existing resourceDirectory C:\Users\m\Documents\APIWorkshop\src\main\resources
2022-02-19 12:59:27,552 [Worker-9] WARN  o.e.m.c.i.embedder.EclipseLogger - Using platform encoding (Cp1252 actually) to copy filtered resources, i.e. build is platform dependent!
2022-02-19 12:59:27,560 [Worker-9] INFO  o.e.m.c.i.embedder.EclipseLogger - skip non existing resourceDirectory C:\Users\m\Documents\APIWorkshop\src\test\resources
2022-02-19 13:00:34,694 [Worker-18] WARN  o.e.m.c.i.embedder.EclipseLogger - Using platform encoding (Cp1252 actually) to copy filtered resources, i.e. build is platform dependent!
2022-02-19 13:00:34,698 [Worker-18] INFO  o.e.m.c.i.embedder.EclipseLogger - skip non existing resourceDirectory C:\Users\m\Documents\APIWorkshop\src\main\resources
2022-02-19 13:00:34,722 [Worker-18] WARN  o.e.m.c.i.embedder.EclipseLogger - Using platform encoding (Cp1252 actually) to copy filtered resources, i.e. build is platform dependent!
2022-02-19 13:00:34,731 [Worker-18] INFO  o.e.m.c.i.embedder.EclipseLogger - skip non existing resourceDirectory C:\Users\m\Documents\APIWorkshop\src\test\resources
2022-02-19 13:03:30,412 [Worker-13] WARN  o.e.m.c.i.embedder.EclipseLogger - Using platform encoding (Cp1252 actually) to copy filtered resources, i.e. build is platform dependent!
2022-02-19 13:03:30,421 [Worker-13] INFO  o.e.m.c.i.embedder.EclipseLogger - skip non existing resourceDirectory C:\Users\m\Documents\APIWorkshop\src\main\resources
2022-02-19 13:03:30,427 [Worker-13] WARN  o.e.m.c.i.embedder.EclipseLogger - Using platform encoding (Cp1252 actually) to copy filtered resources, i.e. build is platform dependent!
2022-02-19 13:03:30,431 [Worker-13] INFO  o.e.m.c.i.embedder.EclipseLogger - skip non existing resourceDirectory C:\Users\m\Documents\APIWorkshop\src\test\resources
2022-02-19 13:06:43,572 [Worker-23] INFO  o.e.m.c.i.l.LifecycleMappingFactory - Using org.eclipse.m2e.jdt.JarLifecycleMapping lifecycle mapping for MavenProject: org.example:APIWorkshop:1.0-SNAPSHOT @ C:\Users\m\Documents\APIWorkshop\pom.xml.
2022-02-19 13:06:47,000 [Worker-23] WARN  o.e.m.c.i.embedder.EclipseLogger - Using platform encoding (Cp1252 actually) to copy filtered resources, i.e. build is platform dependent!
2022-02-19 13:06:47,008 [Worker-23] INFO  o.e.m.c.i.embedder.EclipseLogger - skip non existing resourceDirectory C:\Users\m\Documents\APIWorkshop\src\main\resources
2022-02-19 13:06:47,013 [Worker-23] WARN  o.e.m.c.i.embedder.EclipseLogger - Using platform encoding (Cp1252 actually) to copy filtered resources, i.e. build is platform dependent!
2022-02-19 13:06:47,016 [Worker-23] INFO  o.e.m.c.i.embedder.EclipseLogger - skip non existing resourceDirectory C:\Users\m\Documents\APIWorkshop\src\test\resources
2022-02-19 13:07:09,284 [Worker-9] INFO  o.e.m.c.i.l.LifecycleMappingFactory - Using org.eclipse.m2e.jdt.JarLifecycleMapping lifecycle mapping for MavenProject: org.example:APIWorkshop:1.0-SNAPSHOT @ C:\Users\m\Documents\APIWorkshop\pom.xml.
2022-02-19 13:07:11,180 [Worker-9] WARN  o.e.m.c.i.embedder.EclipseLogger - Using platform encoding (Cp1252 actually) to copy filtered resources, i.e. build is platform dependent!
2022-02-19 13:07:11,183 [Worker-9] INFO  o.e.m.c.i.embedder.EclipseLogger - skip non existing resourceDirectory C:\Users\m\Documents\APIWorkshop\src\main\resources
2022-02-19 13:07:11,187 [Worker-9] WARN  o.e.m.c.i.embedder.EclipseLogger - Using platform encoding (Cp1252 actually) to copy filtered resources, i.e. build is platform dependent!
2022-02-19 13:07:11,189 [Worker-9] INFO  o.e.m.c.i.embedder.EclipseLogger - skip non existing resourceDirectory C:\Users\m\Documents\APIWorkshop\src\test\resources
2022-02-19 13:07:17,990 [Worker-13] INFO  o.e.m.c.i.l.LifecycleMappingFactory - Using org.eclipse.m2e.jdt.JarLifecycleMapping lifecycle mapping for MavenProject: org.example:APIWorkshop:1.0-SNAPSHOT @ C:\Users\m\Documents\APIWorkshop\pom.xml.
2022-02-19 13:07:19,818 [Worker-13] WARN  o.e.m.c.i.embedder.EclipseLogger - Using platform encoding (Cp1252 actually) to copy filtered resources, i.e. build is platform dependent!
2022-02-19 13:07:19,821 [Worker-13] INFO  o.e.m.c.i.embedder.EclipseLogger - skip non existing resourceDirectory C:\Users\m\Documents\APIWorkshop\src\main\resources
2022-02-19 13:07:19,824 [Worker-13] WARN  o.e.m.c.i.embedder.EclipseLogger - Using platform encoding (Cp1252 actually) to copy filtered resources, i.e. build is platform dependent!
2022-02-19 13:07:19,832 [Worker-13] INFO  o.e.m.c.i.embedder.EclipseLogger - skip non existing resourceDirectory C:\Users\m\Documents\APIWorkshop\src\test\resources
2022-02-19 13:10:13,050 [Worker-22] WARN  o.e.m.c.i.embedder.EclipseLogger - Using platform encoding (Cp1252 actually) to copy filtered resources, i.e. build is platform dependent!
2022-02-19 13:10:13,060 [Worker-22] INFO  o.e.m.c.i.embedder.EclipseLogger - skip non existing resourceDirectory C:\Users\m\Documents\APIWorkshop\src\main\resources
2022-02-19 13:10:13,065 [Worker-22] WARN  o.e.m.c.i.embedder.EclipseLogger - Using platform encoding (Cp1252 actually) to copy filtered resources, i.e. build is platform dependent!
2022-02-19 13:10:13,069 [Worker-22] INFO  o.e.m.c.i.embedder.EclipseLogger - skip non existing resourceDirectory C:\Users\m\Documents\APIWorkshop\src\test\resources
2022-02-19 13:16:56,307 [Worker-23] WARN  o.e.m.c.i.embedder.EclipseLogger - Using platform encoding (Cp1252 actually) to copy filtered resources, i.e. build is platform dependent!
2022-02-19 13:16:56,310 [Worker-23] INFO  o.e.m.c.i.embedder.EclipseLogger - skip non existing resourceDirectory C:\Users\m\Documents\APIWorkshop\src\main\resources
2022-02-19 13:16:56,318 [Worker-23] WARN  o.e.m.c.i.embedder.EclipseLogger - Using platform encoding (Cp1252 actually) to copy filtered resources, i.e. build is platform dependent!
2022-02-19 13:16:56,321 [Worker-23] INFO  o.e.m.c.i.embedder.EclipseLogger - skip non existing resourceDirectory C:\Users\m\Documents\APIWorkshop\src\test\resources
2022-02-19 13:26:54,632 [Worker-25] ERROR o.e.m.c.i.p.r.ProjectRegistryRefreshJob - Resource '/APIWorkshop/pom.xml' does not exist.
org.eclipse.core.internal.resources.ResourceException: Resource '/APIWorkshop/pom.xml' does not exist.
	at org.eclipse.core.internal.resources.Resource.checkExists(Resource.java:335) ~[na:na]
	at org.eclipse.core.internal.resources.Resource.checkAccessible(Resource.java:209) ~[na:na]
	at org.eclipse.core.internal.resources.Resource.deleteMarkers(Resource.java:823) ~[na:na]
	at org.eclipse.m2e.core.internal.markers.MavenMarkerManager.deleteMarkers(MavenMarkerManager.java:229) ~[na:na]
	at org.eclipse.m2e.core.internal.markers.MavenMarkerManager.deleteMarkers(MavenMarkerManager.java:223) ~[na:na]
	at org.eclipse.m2e.core.internal.project.registry.ProjectRegistryManager.readMavenProjectFacade(ProjectRegistryManager.java:694) ~[na:na]
	at org.eclipse.m2e.core.internal.project.registry.ProjectRegistryManager.refresh(ProjectRegistryManager.java:398) ~[na:na]
	at org.eclipse.m2e.core.internal.project.registry.ProjectRegistryManager.refresh(ProjectRegistryManager.java:351) ~[na:na]
	at org.eclipse.m2e.core.internal.project.registry.ProjectRegistryRefreshJob$1$1.call(ProjectRegistryRefreshJob.java:89) ~[na:na]
	at org.eclipse.m2e.core.internal.project.registry.ProjectRegistryRefreshJob$1$1.call(ProjectRegistryRefreshJob.java:1) ~[na:na]
	at org.eclipse.m2e.core.internal.embedder.MavenExecutionContext.executeBare(MavenExecutionContext.java:176) ~[na:na]
	at org.eclipse.m2e.core.internal.embedder.MavenExecutionContext.execute(MavenExecutionContext.java:151) ~[na:na]
	at org.eclipse.m2e.core.internal.embedder.MavenExecutionContext.execute(MavenExecutionContext.java:99) ~[na:na]
	at org.eclipse.m2e.core.internal.embedder.MavenImpl.execute(MavenImpl.java:1351) ~[na:na]
	at org.eclipse.m2e.core.internal.project.registry.ProjectRegistryRefreshJob$1.call(ProjectRegistryRefreshJob.java:87) ~[na:na]
	at org.eclipse.m2e.core.internal.project.registry.ProjectRegistryRefreshJob$1.call(ProjectRegistryRefreshJob.java:1) ~[na:na]
	at org.eclipse.m2e.core.internal.embedder.MavenExecutionContext.executeBare(MavenExecutionContext.java:176) ~[na:na]
	at org.eclipse.m2e.core.internal.embedder.MavenExecutionContext.execute(MavenExecutionContext.java:151) ~[na:na]
	at org.eclipse.m2e.core.internal.embedder.MavenExecutionContext.execute(MavenExecutionContext.java:99) ~[na:na]
	at org.eclipse.m2e.core.internal.embedder.MavenImpl.execute(MavenImpl.java:1355) ~[na:na]
	at org.eclipse.m2e.core.internal.project.registry.ProjectRegistryRefreshJob.run(ProjectRegistryRefreshJob.java:81) ~[na:na]
	at org.eclipse.core.internal.jobs.Worker.run(Worker.java:55) [org.eclipse.core.jobs_3.8.0.v20160509-0411.jar:na]
2022-02-19 13:27:58,299 [Worker-26] INFO  o.e.m.c.i.l.LifecycleMappingFactory - Using org.eclipse.m2e.jdt.JarLifecycleMapping lifecycle mapping for MavenProject: org.example:APIWorkshop:1.0-SNAPSHOT @ C:\Users\m\Documents\GitHub\APIWorkshop\pom.xml.
2022-02-19 13:28:02,215 [Worker-26] INFO  o.e.m.j.i.AbstractJavaProjectConfigurator - Adding source folder /APIWorkshopTest/src/main/java
2022-02-19 13:28:02,216 [Worker-26] INFO  o.e.m.j.i.AbstractJavaProjectConfigurator - Adding source folder /APIWorkshopTest/src/test/java
2022-02-19 13:28:02,895 [Worker-26] INFO  o.e.m.c.i.p.ProjectConfigurationManager - Imported and configured 1 project(s) in 6 sec
2022-02-19 13:28:04,997 [Worker-19] WARN  o.e.m.c.i.embedder.EclipseLogger - Using platform encoding (Cp1252 actually) to copy filtered resources, i.e. build is platform dependent!
2022-02-19 13:28:04,999 [Worker-19] INFO  o.e.m.c.i.embedder.EclipseLogger - skip non existing resourceDirectory C:\Users\m\Documents\GitHub\APIWorkshop\src\main\resources
2022-02-19 13:28:05,013 [Worker-19] WARN  o.e.m.c.i.embedder.EclipseLogger - Using platform encoding (Cp1252 actually) to copy filtered resources, i.e. build is platform dependent!
2022-02-19 13:28:05,016 [Worker-19] INFO  o.e.m.c.i.embedder.EclipseLogger - skip non existing resourceDirectory C:\Users\m\Documents\GitHub\APIWorkshop\src\test\resources
2022-02-19 13:30:17,434 [Worker-20] WARN  o.e.m.c.i.embedder.EclipseLogger - Using platform encoding (Cp1252 actually) to copy filtered resources, i.e. build is platform dependent!
2022-02-19 13:30:17,437 [Worker-20] INFO  o.e.m.c.i.embedder.EclipseLogger - skip non existing resourceDirectory C:\Users\m\Documents\GitHub\APIWorkshop\src\main\resources
2022-02-19 13:30:17,442 [Worker-20] WARN  o.e.m.c.i.embedder.EclipseLogger - Using platform encoding (Cp1252 actually) to copy filtered resources, i.e. build is platform dependent!
2022-02-19 13:30:17,445 [Worker-20] INFO  o.e.m.c.i.embedder.EclipseLogger - skip non existing resourceDirectory C:\Users\m\Documents\GitHub\APIWorkshop\src\test\resources
2022-02-19 13:32:18,908 [Worker-20] WARN  o.e.m.c.i.embedder.EclipseLogger - Using platform encoding (Cp1252 actually) to copy filtered resources, i.e. build is platform dependent!
2022-02-19 13:32:18,910 [Worker-20] INFO  o.e.m.c.i.embedder.EclipseLogger - skip non existing resourceDirectory C:\Users\m\Documents\GitHub\APIWorkshop\src\main\resources
2022-02-19 13:32:18,914 [Worker-20] WARN  o.e.m.c.i.embedder.EclipseLogger - Using platform encoding (Cp1252 actually) to copy filtered resources, i.e. build is platform dependent!
2022-02-19 13:32:18,920 [Worker-20] INFO  o.e.m.c.i.embedder.EclipseLogger - skip non existing resourceDirectory C:\Users\m\Documents\GitHub\APIWorkshop\src\test\resources
2022-02-19 13:34:04,029 [Worker-20] WARN  o.e.m.c.i.embedder.EclipseLogger - Using platform encoding (Cp1252 actually) to copy filtered resources, i.e. build is platform dependent!
2022-02-19 13:34:04,036 [Worker-20] INFO  o.e.m.c.i.embedder.EclipseLogger - skip non existing resourceDirectory C:\Users\m\Documents\GitHub\APIWorkshop\src\main\resources
2022-02-19 13:34:04,039 [Worker-20] WARN  o.e.m.c.i.embedder.EclipseLogger - Using platform encoding (Cp1252 actually) to copy filtered resources, i.e. build is platform dependent!
2022-02-19 13:34:04,074 [Worker-20] INFO  o.e.m.c.i.embedder.EclipseLogger - skip non existing resourceDirectory C:\Users\m\Documents\GitHub\APIWorkshop\src\test\resources
2022-02-19 13:37:13,996 [Worker-28] WARN  o.e.m.c.i.embedder.EclipseLogger - Using platform encoding (Cp1252 actually) to copy filtered resources, i.e. build is platform dependent!
2022-02-19 13:37:14,000 [Worker-28] INFO  o.e.m.c.i.embedder.EclipseLogger - skip non existing resourceDirectory C:\Users\m\Documents\GitHub\APIWorkshop\src\main\resources
2022-02-19 13:37:14,005 [Worker-28] WARN  o.e.m.c.i.embedder.EclipseLogger - Using platform encoding (Cp1252 actually) to copy filtered resources, i.e. build is platform dependent!
2022-02-19 13:37:14,007 [Worker-28] INFO  o.e.m.c.i.embedder.EclipseLogger - skip non existing resourceDirectory C:\Users\m\Documents\GitHub\APIWorkshop\src\test\resources
2022-02-19 13:38:27,577 [Worker-29] WARN  o.e.m.c.i.embedder.EclipseLogger - Using platform encoding (Cp1252 actually) to copy filtered resources, i.e. build is platform dependent!
2022-02-19 13:38:27,581 [Worker-29] INFO  o.e.m.c.i.embedder.EclipseLogger - skip non existing resourceDirectory C:\Users\m\Documents\GitHub\APIWorkshop\src\main\resources
2022-02-19 13:38:27,585 [Worker-29] WARN  o.e.m.c.i.embedder.EclipseLogger - Using platform encoding (Cp1252 actually) to copy filtered resources, i.e. build is platform dependent!
2022-02-19 13:38:27,587 [Worker-29] INFO  o.e.m.c.i.embedder.EclipseLogger - skip non existing resourceDirectory C:\Users\m\Documents\GitHub\APIWorkshop\src\test\resources
2022-02-19 13:40:46,917 [Worker-30] WARN  o.e.m.c.i.embedder.EclipseLogger - Using platform encoding (Cp1252 actually) to copy filtered resources, i.e. build is platform dependent!
2022-02-19 13:40:46,921 [Worker-30] INFO  o.e.m.c.i.embedder.EclipseLogger - skip non existing resourceDirectory C:\Users\m\Documents\GitHub\APIWorkshop\src\main\resources
2022-02-19 13:40:46,923 [Worker-30] WARN  o.e.m.c.i.embedder.EclipseLogger - Using platform encoding (Cp1252 actually) to copy filtered resources, i.e. build is platform dependent!
2022-02-19 13:40:46,926 [Worker-30] INFO  o.e.m.c.i.embedder.EclipseLogger - skip non existing resourceDirectory C:\Users\m\Documents\GitHub\APIWorkshop\src\test\resources
